date,symbol,open,high,low,close,prev_close,volume
2024-01-01,ALPHAINFRA,118.94,120.29,118.21,119.56,120.11,459025
2024-01-02,ALPHAINFRA,119.5,119.81,118.67,118.98,119.56,232552
2024-01-03,ALPHAINFRA,119.51,121.77,118.41,120.66,118.98,162320
2024-01-04,ALPHAINFRA,122.52,124.4,120.27,122.14,120.66,134439
2024-01-05,ALPHAINFRA,119.71,123.23,116.26,119.78,122.14,522137
2024-01-08,ALPHAINFRA,120.9,124.26,118.26,121.61,119.78,675695
2024-01-09,ALPHAINFRA,118.94,122.17,115.88,119.1,121.61,346725
2024-01-10,ALPHAINFRA,120.19,121.95,117.67,119.43,119.1,115533
2024-01-11,ALPHAINFRA,117.02,119.44,114.82,117.23,119.43,244919
2024-01-12,ALPHAINFRA,116.06,116.48,115.69,116.11,117.23,541571
2024-01-15,ALPHAINFRA,115.22,116.73,112.76,114.26,116.11,230662
2024-01-16,ALPHAINFRA,113.93,115.0,112.63,113.7,114.26,629554
2024-01-17,ALPHAINFRA,113.27,114.13,112.64,113.5,113.7,205760
2024-01-18,ALPHAINFRA,110.57,112.54,108.85,110.81,113.5,454826
2024-01-19,ALPHAINFRA,111.42,112.36,110.32,111.26,110.81,459275
2024-01-22,ALPHAINFRA,109.07,111.2,107.03,109.16,111.26,306315
2024-01-23,ALPHAINFRA,108.97,109.92,107.99,108.94,109.16,164044
2024-01-24,ALPHAINFRA,110.71,113.14,108.8,111.23,108.94,134582
2024-01-25,ALPHAINFRA,112.77,113.17,112.33,112.73,111.23,93091
2024-01-26,ALPHAINFRA,117.34,118.79,115.29,116.74,112.73,386313
2024-01-29,ALPHAINFRA,116.31,118.0,113.79,115.47,116.74,279939
2024-01-30,ALPHAINFRA,115.39,117.22,113.85,115.67,115.47,271063
2024-01-31,ALPHAINFRA,118.36,119.86,117.57,119.06,115.67,186692
2024-02-01,ALPHAINFRA,115.21,115.94,113.94,114.67,119.06,150930
2024-02-02,ALPHAINFRA,115.26,117.35,113.64,115.73,114.67,96784
2024-02-05,ALPHAINFRA,111.97,115.54,109.5,113.04,115.73,754259
2024-02-06,ALPHAINFRA,115.04,117.16,112.61,114.72,113.04,250724
2024-02-07,ALPHAINFRA,111.47,112.38,111.01,111.92,114.72,116892
2024-02-08,ALPHAINFRA,111.86,112.1,111.63,111.87,111.92,131801
2024-02-09,ALPHAINFRA,111.58,112.58,111.23,112.24,111.87,120622
2024-02-12,ALPHAINFRA,113.42,114.14,113.12,113.85,112.24,245636
2024-02-13,ALPHAINFRA,116.26,116.77,115.61,116.12,113.85,487031
2024-02-14,ALPHAINFRA,114.53,114.83,113.86,114.16,116.12,268656
2024-02-15,ALPHAINFRA,110.58,111.37,110.22,111.01,114.16,288383
2024-02-16,ALPHAINFRA,110.86,111.42,110.01,110.57,111.01,392410
2024-02-19,ALPHAINFRA,109.25,109.83,108.49,109.08,110.57,307425
2024-02-20,ALPHAINFRA,110.21,110.82,108.85,109.45,109.08,117577
2024-02-21,ALPHAINFRA,112.05,114.19,110.02,112.15,109.45,542302
2024-02-22,ALPHAINFRA,113.34,114.57,112.01,113.23,112.15,375667
2024-02-23,ALPHAINFRA,113.79,114.08,113.26,113.55,113.23,638791
2024-02-26,ALPHAINFRA,111.86,114.03,110.1,112.26,113.55,327497
2024-02-27,ALPHAINFRA,112.72,115.34,110.51,113.11,112.26,134745
2024-02-28,ALPHAINFRA,114.26,115.64,113.33,114.7,113.11,220726
2024-02-29,ALPHAINFRA,111.54,112.19,110.96,111.61,114.7,350989
2024-03-01,ALPHAINFRA,114.48,115.46,112.69,113.66,111.61,223929
2024-03-04,ALPHAINFRA,113.86,114.93,112.42,113.49,113.66,796154
2024-03-05,ALPHAINFRA,111.09,113.28,109.18,111.36,113.49,350607
2024-03-06,ALPHAINFRA,106.75,108.94,105.48,107.66,111.36,346376
2024-03-07,ALPHAINFRA,108.74,109.71,108.08,109.05,107.66,282702
2024-03-08,ALPHAINFRA,108.91,110.29,108.15,109.53,109.05,301264
2024-03-11,ALPHAINFRA,109.81,111.57,108.05,109.82,109.53,156994
2024-03-12,ALPHAINFRA,108.21,108.66,107.68,108.12,109.82,174349
2024-03-13,ALPHAINFRA,106.71,108.55,105.95,107.79,108.12,307397
2024-03-14,ALPHAINFRA,107.69,109.98,104.63,106.9,107.79,300101
2024-03-15,ALPHAINFRA,109.75,110.42,108.88,109.55,106.9,112597
2024-03-18,ALPHAINFRA,108.59,109.87,107.86,109.14,109.55,296858
2024-03-19,ALPHAINFRA,110.93,111.75,110.38,111.2,109.14,533737
2024-03-20,ALPHAINFRA,111.38,112.06,110.4,111.08,111.2,63569
2024-03-21,ALPHAINFRA,111.01,111.59,110.22,110.81,111.08,643163
2024-03-22,ALPHAINFRA,109.97,110.8,109.23,110.07,110.81,187246
2024-03-25,ALPHAINFRA,108.91,110.46,107.93,109.49,110.07,337099
2024-03-26,ALPHAINFRA,112.01,112.9,111.56,112.46,109.49,245663
2024-03-27,ALPHAINFRA,113.71,116.21,111.61,114.1,112.46,424200
2024-03-28,ALPHAINFRA,114.68,116.71,112.52,114.55,114.1,80811
2024-03-29,ALPHAINFRA,115.21,117.06,113.7,115.55,114.55,95156
2024-04-01,ALPHAINFRA,115.81,116.76,115.27,116.22,115.55,270942
2024-04-02,ALPHAINFRA,116.77,117.77,115.56,116.56,116.22,421598
2024-04-03,ALPHAINFRA,118.15,119.0,117.35,118.2,116.56,266785
2024-04-04,ALPHAINFRA,117.96,118.61,117.25,117.9,118.2,238395
2024-04-05,ALPHAINFRA,120.5,121.16,119.45,120.11,117.9,323070
2024-04-08,ALPHAINFRA,118.96,119.57,118.64,119.25,120.11,383435
2024-04-09,ALPHAINFRA,122.2,123.37,120.82,121.99,119.25,147586
2024-04-10,ALPHAINFRA,123.9,127.02,120.83,123.94,121.99,1422857
2024-04-11,ALPHAINFRA,120.27,121.1,119.31,120.14,123.94,244814
2024-04-12,ALPHAINFRA,117.61,117.99,117.26,117.64,120.14,119204
2024-04-15,ALPHAINFRA,121.25,122.52,119.79,121.07,117.64,160890
2024-04-16,ALPHAINFRA,123.73,124.0,122.97,123.24,121.07,116706
2024-04-17,ALPHAINFRA,121.47,125.59,117.04,121.16,123.24,335250
2024-04-18,ALPHAINFRA,123.48,124.44,122.39,123.35,121.16,176276
2024-04-19,ALPHAINFRA,124.59,124.99,123.67,124.08,123.35,185736
2024-04-22,ALPHAINFRA,123.36,125.64,121.43,123.71,124.08,478425
2024-04-23,ALPHAINFRA,123.15,124.02,122.3,123.17,123.71,304606
2024-04-24,ALPHAINFRA,123.36,124.19,122.94,123.77,123.17,142322
2024-04-25,ALPHAINFRA,120.7,121.9,120.01,121.21,123.77,421054
2024-04-26,ALPHAINFRA,119.69,122.31,117.73,120.34,121.21,146849
2024-04-29,ALPHAINFRA,119.69,121.29,118.41,120.01,120.34,126575
2024-04-30,ALPHAINFRA,120.37,120.71,119.57,119.92,120.01,176829
2024-05-01,ALPHAINFRA,118.45,119.4,118.09,119.04,119.92,216354
2024-05-02,ALPHAINFRA,116.62,117.05,115.62,116.04,119.04,263340
2024-05-03,ALPHAINFRA,114.97,115.98,114.2,115.21,116.04,157570
2024-05-06,ALPHAINFRA,116.39,117.44,114.53,115.57,115.21,373420
2024-05-07,ALPHAINFRA,113.4,115.39,112.55,114.52,115.57,267556
2024-05-08,ALPHAINFRA,114.31,115.59,113.51,114.78,114.52,296981
2024-05-09,ALPHAINFRA,112.54,114.78,109.89,112.11,114.78,55419
2024-05-10,ALPHAINFRA,110.83,111.69,110.24,111.1,112.11,675889
2024-05-13,ALPHAINFRA,110.75,113.32,107.82,110.39,111.1,240187
2024-05-14,ALPHAINFRA,110.18,110.76,109.48,110.06,110.39,138567
2024-05-15,ALPHAINFRA,110.41,111.72,109.58,110.88,110.06,220885
2024-05-16,ALPHAINFRA,113.37,113.8,112.42,112.84,110.88,141984
2024-05-17,ALPHAINFRA,113.38,116.93,110.49,114.03,112.84,189501
2024-05-20,ALPHAINFRA,111.87,114.73,109.65,112.5,114.03,227626
2024-05-21,ALPHAINFRA,113.91,114.77,113.47,114.32,112.5,237565
2024-05-22,ALPHAINFRA,114.89,116.44,114.07,115.62,114.32,548179
2024-05-23,ALPHAINFRA,113.73,114.8,112.9,113.96,115.62,199628
2024-05-24,ALPHAINFRA,115.54,116.61,114.28,115.36,113.96,115198
2024-05-27,ALPHAINFRA,115.27,117.5,112.62,114.85,115.36,180988
2024-05-28,ALPHAINFRA,115.35,116.65,114.66,115.95,114.85,127532
2024-05-29,ALPHAINFRA,114.02,115.24,113.69,114.9,115.95,233696
2024-05-30,ALPHAINFRA,118.13,119.19,116.83,117.89,114.9,167773
2024-05-31,ALPHAINFRA,118.32,119.82,117.48,118.97,117.89,142212
2024-06-03,ALPHAINFRA,120.37,120.92,120.06,120.61,118.97,176526
2024-06-04,ALPHAINFRA,120.97,121.92,120.14,121.1,120.61,243993
2024-06-05,ALPHAINFRA,121.05,121.62,120.73,121.3,121.1,103612
2024-06-06,ALPHAINFRA,119.94,122.36,118.13,120.54,121.3,194412
2024-06-07,ALPHAINFRA,121.75,122.58,120.37,121.19,120.54,197029
2024-06-10,ALPHAINFRA,117.26,119.06,115.57,117.38,121.19,230787
2024-06-11,ALPHAINFRA,119.02,119.8,118.36,119.13,117.38,357928
2024-06-12,ALPHAINFRA,117.88,121.28,114.2,117.59,119.13,453973
2024-06-13,ALPHAINFRA,119.3,119.91,118.98,119.59,117.59,287178
2024-06-14,ALPHAINFRA,123.94,124.51,123.01,123.58,119.59,177911
2024-06-17,ALPHAINFRA,123.76,124.45,122.84,123.53,123.58,238110
2024-06-18,ALPHAINFRA,125.86,126.33,124.34,124.8,123.53,410529
2024-06-19,ALPHAINFRA,123.67,126.85,121.4,124.56,124.8,164471
2024-06-20,ALPHAINFRA,127.6,128.9,126.33,127.63,124.56,78635
2024-06-21,ALPHAINFRA,124.33,126.41,123.08,125.16,127.63,222540
2024-06-24,ALPHAINFRA,127.74,128.24,126.16,126.66,125.16,344086
2024-06-25,ALPHAINFRA,128.34,130.57,125.46,127.68,126.66,429124
2024-06-26,ALPHAINFRA,129.79,130.48,129.24,129.92,127.68,114829
2024-06-27,ALPHAINFRA,128.15,130.4,125.64,127.89,129.92,133606
2024-06-28,ALPHAINFRA,128.67,128.94,127.51,127.78,127.89,217286
2024-07-01,ALPHAINFRA,125.16,126.29,124.21,125.35,127.78,519389
2024-07-02,ALPHAINFRA,124.87,125.28,124.05,124.45,125.35,122544
2024-07-03,ALPHAINFRA,123.89,125.28,122.37,123.75,124.45,153285
2024-07-04,ALPHAINFRA,121.4,124.78,119.07,122.43,123.75,243341
2024-07-05,ALPHAINFRA,122.26,123.1,121.92,122.75,122.43,418472
2024-07-08,ALPHAINFRA,122.87,126.8,120.07,123.97,122.75,248972
2024-07-09,ALPHAINFRA,123.69,125.3,122.32,123.93,123.97,274613
2024-07-10,ALPHAINFRA,123.56,124.16,123.11,123.71,123.93,199570
2024-07-11,ALPHAINFRA,122.07,124.71,120.09,122.72,123.71,121126
2024-07-12,ALPHAINFRA,119.8,121.1,118.71,120.01,122.72,595266
2024-07-15,ALPHAINFRA,117.47,118.49,116.62,117.63,120.01,136050
2024-07-16,ALPHAINFRA,114.26,114.6,113.92,114.25,117.63,423792
2024-07-17,ALPHAINFRA,114.66,116.16,113.35,114.85,114.25,608802
2024-07-18,ALPHAINFRA,115.05,116.68,114.37,116.0,114.85,92329
2024-07-19,ALPHAINFRA,115.18,115.89,114.53,115.24,116.0,192733
2024-07-22,ALPHAINFRA,114.73,117.02,112.39,114.68,115.24,210487
2024-07-23,ALPHAINFRA,115.81,116.96,114.56,115.71,114.68,115057
2024-07-24,ALPHAINFRA,113.85,114.63,113.3,114.09,115.71,152318
2024-07-25,ALPHAINFRA,112.6,113.26,112.17,112.82,114.09,285430
2024-07-26,ALPHAINFRA,107.35,109.23,105.42,107.3,112.82,147580
2024-07-29,ALPHAINFRA,106.95,108.59,105.7,107.33,107.3,72810
2024-07-30,ALPHAINFRA,103.17,103.91,102.62,103.36,107.33,219405
2024-07-31,ALPHAINFRA,106.21,107.09,105.44,106.32,103.36,289923
2024-08-01,ALPHAINFRA,108.29,109.94,106.52,108.17,106.32,152049
2024-08-02,ALPHAINFRA,106.94,109.07,105.41,107.54,108.17,124455
2024-08-05,ALPHAINFRA,108.76,110.04,107.38,108.66,107.54,384214
2024-08-06,ALPHAINFRA,109.05,110.74,106.73,108.41,108.66,216961
2024-08-07,ALPHAINFRA,107.1,107.63,106.34,106.87,108.41,578089
2024-08-08,ALPHAINFRA,111.42,113.54,108.61,110.73,106.87,144806
2024-08-09,ALPHAINFRA,109.45,110.78,108.21,109.54,110.73,410520
2024-08-12,ALPHAINFRA,107.8,109.16,107.25,108.6,109.54,275707
2024-08-13,ALPHAINFRA,110.1,111.53,108.73,110.16,108.6,295426
2024-08-14,ALPHAINFRA,110.86,112.0,110.21,111.35,110.16,224184
2024-08-15,ALPHAINFRA,111.95,114.76,109.13,111.94,111.35,552420
2024-08-16,ALPHAINFRA,109.89,111.05,108.72,109.88,111.94,174339
2024-08-19,ALPHAINFRA,110.01,110.98,109.14,110.11,109.88,212633
2024-08-20,ALPHAINFRA,108.57,110.46,106.55,108.44,110.11,404233
2024-08-21,ALPHAINFRA,107.03,107.9,106.73,107.61,108.44,322626
2024-08-22,ALPHAINFRA,105.9,106.52,105.59,106.21,107.61,578796
2024-08-23,ALPHAINFRA,106.76,107.26,106.45,106.95,106.21,110744
2024-08-26,ALPHAINFRA,105.97,107.27,104.59,105.88,106.95,200839
2024-08-27,ALPHAINFRA,103.08,104.72,101.23,102.87,105.88,465515
2024-08-28,ALPHAINFRA,103.2,104.39,102.17,103.35,102.87,90912
2024-08-29,ALPHAINFRA,103.6,105.52,102.19,104.1,103.35,309977
2024-08-30,ALPHAINFRA,102.82,104.88,100.93,102.99,104.1,351265
2024-09-02,ALPHAINFRA,103.94,105.07,103.03,104.16,102.99,247343
2024-09-03,ALPHAINFRA,106.25,106.5,105.46,105.71,104.16,332805
2024-09-04,ALPHAINFRA,104.98,105.45,104.35,104.83,105.71,243761
2024-09-05,ALPHAINFRA,106.05,107.31,104.89,106.15,104.83,159215
2024-09-06,ALPHAINFRA,104.6,105.46,103.96,104.83,106.15,195107
2024-09-09,ALPHAINFRA,101.82,102.82,100.74,101.74,104.83,229678
2024-09-10,ALPHAINFRA,102.14,104.87,99.86,102.57,101.74,338172
2024-09-11,ALPHAINFRA,100.97,103.16,98.65,100.84,102.57,451458
2024-09-12,ALPHAINFRA,104.14,105.76,102.11,103.73,100.84,105202
2024-09-13,ALPHAINFRA,101.01,101.42,100.8,101.21,103.73,192648
2024-09-16,ALPHAINFRA,102.71,103.9,101.29,102.48,101.21,94223
2024-09-17,ALPHAINFRA,104.73,106.64,103.12,105.04,102.48,144531
2024-09-18,ALPHAINFRA,105.55,107.72,103.43,105.61,105.04,234212
2024-09-19,ALPHAINFRA,106.72,107.37,106.2,106.85,105.61,159181
2024-09-20,ALPHAINFRA,107.31,108.94,105.87,107.5,106.85,212870
2024-09-23,ALPHAINFRA,107.56,108.07,106.24,106.75,107.5,129988
2024-09-24,ALPHAINFRA,105.15,106.55,103.24,104.64,106.75,240238
2024-09-25,ALPHAINFRA,104.15,106.01,102.09,103.94,104.64,178098
2024-09-26,ALPHAINFRA,101.07,102.65,100.01,101.59,103.94,281948
2024-09-27,ALPHAINFRA,100.44,101.29,99.43,100.29,101.59,549087
2024-09-30,ALPHAINFRA,101.01,103.26,98.92,101.17,100.29,254742
2024-10-01,ALPHAINFRA,100.83,101.96,99.59,100.72,101.17,286672
2024-10-02,ALPHAINFRA,97.95,98.77,97.12,97.94,100.72,130839
2024-10-03,ALPHAINFRA,94.23,94.84,93.19,93.79,97.94,256119
2024-10-04,ALPHAINFRA,95.76,96.78,94.7,95.72,93.79,153794
2024-10-07,ALPHAINFRA,95.35,95.56,95.07,95.27,95.72,1006615
2024-10-08,ALPHAINFRA,96.19,96.9,95.6,96.31,95.27,287841
2024-10-09,ALPHAINFRA,94.36,95.83,93.1,94.57,96.31,257687
2024-10-10,ALPHAINFRA,92.99,94.1,91.08,92.18,94.57,301974
2024-10-11,ALPHAINFRA,91.67,93.32,89.79,91.44,92.18,260437
2024-10-14,ALPHAINFRA,92.38,93.85,91.06,92.53,91.44,239392
2024-10-15,ALPHAINFRA,90.97,93.65,88.77,91.43,92.53,291340
2024-10-16,ALPHAINFRA,89.6,89.79,89.3,89.5,91.43,124660
2024-10-17,ALPHAINFRA,85.14,86.17,84.45,85.49,89.5,345402
2024-10-18,ALPHAINFRA,83.57,84.79,82.16,83.38,85.49,190517
2024-10-21,ALPHAINFRA,85.07,85.52,84.22,84.67,83.38,602762
2024-10-22,ALPHAINFRA,83.74,84.15,82.88,83.28,84.67,274990
2024-10-23,ALPHAINFRA,82.5,82.68,82.3,82.48,83.28,150503
2024-10-24,ALPHAINFRA,82.46,83.74,81.56,82.85,82.48,170781
2024-10-25,ALPHAINFRA,82.52,84.8,80.89,83.16,82.85,116123
2024-10-28,ALPHAINFRA,83.03,83.9,82.09,82.96,83.16,244703
2024-10-29,ALPHAINFRA,85.72,86.42,85.24,85.94,82.96,114506
2024-10-30,ALPHAINFRA,87.9,88.32,87.37,87.79,85.94,279811
2024-10-31,ALPHAINFRA,87.55,88.14,86.93,87.52,87.79,380121
2024-11-01,ALPHAINFRA,86.98,87.78,86.02,86.81,87.52,471802
2024-11-04,ALPHAINFRA,87.3,87.6,86.88,87.19,86.81,193822
2024-11-05,ALPHAINFRA,87.95,88.61,87.2,87.86,87.19,353364
2024-11-06,ALPHAINFRA,85.62,86.98,84.51,85.88,87.86,173451
2024-11-07,ALPHAINFRA,82.39,83.14,82.05,82.8,85.88,219868
2024-11-08,ALPHAINFRA,80.62,81.19,80.16,80.73,82.8,358192
2024-11-11,ALPHAINFRA,79.63,80.88,78.79,80.04,80.73,479101
2024-11-12,ALPHAINFRA,78.48,80.33,76.65,78.5,80.04,130065
2024-11-13,ALPHAINFRA,79.88,81.08,78.33,79.53,78.5,72903
2024-11-14,ALPHAINFRA,80.06,81.09,78.53,79.56,79.53,187237
2024-11-15,ALPHAINFRA,79.4,80.79,78.61,80.0,79.56,160544
2024-11-18,ALPHAINFRA,78.51,79.08,77.73,78.29,80.0,204655
2024-11-19,ALPHAINFRA,78.65,78.94,78.24,78.54,78.29,192383
2024-11-20,ALPHAINFRA,78.11,78.85,77.47,78.21,78.54,317678
2024-11-21,ALPHAINFRA,78.62,79.31,78.31,79.0,78.21,208922
2024-11-22,ALPHAINFRA,78.58,79.3,77.59,78.32,79.0,195420
2024-11-25,ALPHAINFRA,76.64,77.25,76.39,77.01,78.32,324448
2024-11-26,ALPHAINFRA,78.07,79.17,77.34,78.45,77.01,55729
2024-11-27,ALPHAINFRA,79.12,79.86,78.03,78.76,78.45,180332
2024-11-28,ALPHAINFRA,79.51,80.49,78.29,79.27,78.76,195089
2024-11-29,ALPHAINFRA,80.33,81.04,79.55,80.26,79.27,139662
2024-12-02,ALPHAINFRA,78.5,80.03,77.21,78.74,80.26,207014
2024-12-03,ALPHAINFRA,81.06,83.63,77.51,80.04,78.74,114843
2024-12-04,ALPHAINFRA,81.65,82.85,80.07,81.27,80.04,189247
2024-12-05,ALPHAINFRA,82.39,84.24,80.16,82.0,81.27,241455
2024-12-06,ALPHAINFRA,80.09,80.3,79.68,79.9,82.0,164318
2024-12-09,ALPHAINFRA,81.72,82.0,80.88,81.16,79.9,231441
2024-12-10,ALPHAINFRA,81.05,81.72,80.79,81.46,81.16,487311
2024-12-11,ALPHAINFRA,81.38,82.33,80.79,81.74,81.46,200082
2024-12-12,ALPHAINFRA,83.17,84.27,81.72,82.82,81.74,235231
2024-12-13,ALPHAINFRA,82.85,83.46,81.91,82.52,82.82,268372
2024-12-16,ALPHAINFRA,84.2,84.79,83.78,84.37,82.52,59836
2024-12-17,ALPHAINFRA,84.41,86.32,82.95,84.86,84.37,333788
2024-12-18,ALPHAINFRA,84.78,86.35,82.49,84.04,84.86,349961
2024-12-19,ALPHAINFRA,83.16,84.46,81.26,82.54,84.04,150018
2024-12-20,ALPHAINFRA,81.29,81.9,80.6,81.21,82.54,376898
2024-12-23,ALPHAINFRA,81.92,82.27,81.27,81.62,81.21,230406
2024-12-24,ALPHAINFRA,80.04,80.56,79.11,79.62,81.62,698679
2024-12-25,ALPHAINFRA,79.68,81.23,78.42,79.96,79.62,110524
2024-12-26,ALPHAINFRA,79.86,80.51,79.59,80.24,79.96,483903
2024-12-27,ALPHAINFRA,83.09,83.44,82.71,83.06,80.24,272625
2024-01-01,BHARATCHEM,212.13,214.16,209.07,211.1,211.97,302004
2024-01-02,BHARATCHEM,217.8,219.13,216.0,217.33,211.1,261373
2024-01-03,BHARATCHEM,221.08,225.09,216.96,220.97,217.33,85550
2024-01-04,BHARATCHEM,212.48,215.46,209.63,212.6,220.97,285724
2024-01-05,BHARATCHEM,219.1,223.84,214.87,219.6,212.6,411799
2024-01-08,BHARATCHEM,215.91,218.73,212.71,215.52,219.6,488823
2024-01-09,BHARATCHEM,222.86,226.37,218.92,222.43,215.52,294365
2024-01-10,BHARATCHEM,216.83,218.55,215.71,217.42,222.43,116094
2024-01-11,BHARATCHEM,222.96,225.35,220.55,222.94,217.42,286860
2024-01-12,BHARATCHEM,229.77,232.3,227.61,230.14,222.94,374322
2024-01-15,BHARATCHEM,232.34,233.35,229.52,230.53,230.14,278345
2024-01-16,BHARATCHEM,228.86,230.89,226.42,228.44,230.53,917442
2024-01-17,BHARATCHEM,219.44,227.47,212.68,220.68,228.44,250069
2024-01-18,BHARATCHEM,215.97,219.7,211.23,214.95,220.68,285730
2024-01-19,BHARATCHEM,213.12,217.11,207.97,211.94,214.95,635600
2024-01-22,BHARATCHEM,208.75,209.21,207.33,207.79,211.94,436200
2024-01-23,BHARATCHEM,209.84,214.22,205.51,209.88,207.79,499559
2024-01-24,BHARATCHEM,208.83,211.75,206.59,209.5,209.88,162290
2024-01-25,BHARATCHEM,211.47,212.08,210.65,211.25,209.5,349426
2024-01-26,BHARATCHEM,216.85,219.05,212.93,215.11,211.25,222336
2024-01-29,BHARATCHEM,218.93,219.79,217.54,218.41,215.11,495671
2024-01-30,BHARATCHEM,219.22,221.34,216.81,218.92,218.41,499234
2024-01-31,BHARATCHEM,224.52,225.01,222.96,223.44,218.92,250789
2024-02-01,BHARATCHEM,224.08,225.11,222.3,223.33,223.44,341189
2024-02-02,BHARATCHEM,231.2,234.48,226.85,230.13,223.33,171325
2024-02-05,BHARATCHEM,225.08,228.8,222.49,226.19,230.13,234708
2024-02-06,BHARATCHEM,218.9,220.91,217.98,219.98,226.19,484391
2024-02-07,BHARATCHEM,219.93,224.09,216.72,220.87,219.98,123691
2024-02-08,BHARATCHEM,219.92,220.96,219.0,220.04,220.87,642970
2024-02-09,BHARATCHEM,224.58,226.19,222.47,224.08,220.04,336609
2024-02-12,BHARATCHEM,234.43,237.17,230.59,233.32,224.08,153547
2024-02-13,BHARATCHEM,233.45,234.77,232.22,233.54,233.32,304638
2024-02-14,BHARATCHEM,247.12,250.13,244.13,247.14,233.54,204847
2024-02-15,BHARATCHEM,256.72,261.93,250.56,255.74,247.14,380125
2024-02-16,BHARATCHEM,256.36,258.35,254.41,256.4,255.74,1068662
2024-02-19,BHARATCHEM,261.34,264.21,259.27,262.14,256.4,174937
2024-02-20,BHARATCHEM,257.17,258.03,255.72,256.58,262.14,469796
2024-02-21,BHARATCHEM,248.68,250.66,244.78,246.75,256.58,194094
2024-02-22,BHARATCHEM,246.88,252.36,241.0,246.47,246.75,199492
2024-02-23,BHARATCHEM,246.19,248.56,242.09,244.45,246.47,403640
2024-02-26,BHARATCHEM,255.64,259.62,250.42,254.38,244.45,248807
2024-02-27,BHARATCHEM,256.36,258.15,255.51,257.3,254.38,138189
2024-02-28,BHARATCHEM,259.04,261.66,255.05,257.65,257.3,428476
2024-02-29,BHARATCHEM,259.98,264.22,256.92,261.14,257.65,146358
2024-03-01,BHARATCHEM,260.06,262.37,257.04,259.34,261.14,330664
2024-03-04,BHARATCHEM,257.96,262.8,252.38,257.21,259.34,236253
2024-03-05,BHARATCHEM,257.1,260.68,253.4,256.98,257.21,195947
2024-03-06,BHARATCHEM,259.49,263.82,255.81,260.13,256.98,517889
2024-03-07,BHARATCHEM,264.44,266.48,261.57,263.6,260.13,196690
2024-03-08,BHARATCHEM,272.49,273.37,267.84,268.71,263.6,567149
2024-03-11,BHARATCHEM,271.12,275.26,267.37,271.51,268.71,411312
2024-03-12,BHARATCHEM,265.35,274.09,256.8,265.54,271.51,271972
2024-03-13,BHARATCHEM,272.7,274.95,271.33,273.57,265.54,136788
2024-03-14,BHARATCHEM,274.85,276.74,273.64,275.52,273.57,250377
2024-03-15,BHARATCHEM,275.3,277.08,271.98,273.75,275.52,246568
2024-03-18,BHARATCHEM,271.74,272.76,270.51,271.53,273.75,477639
2024-03-19,BHARATCHEM,269.16,272.66,264.07,267.55,271.53,332216
2024-03-20,BHARATCHEM,267.49,270.57,265.4,268.47,267.55,555622
2024-03-21,BHARATCHEM,274.09,275.89,270.63,272.41,268.47,258526
2024-03-22,BHARATCHEM,271.21,272.31,267.51,268.6,272.41,162987
2024-03-25,BHARATCHEM,273.52,275.59,271.91,273.99,268.6,139269
2024-03-26,BHARATCHEM,281.29,290.06,275.25,283.97,273.99,573360
2024-03-27,BHARATCHEM,274.99,278.68,270.49,274.17,283.97,1117906
2024-03-28,BHARATCHEM,274.4,280.06,268.04,273.68,274.17,287840
2024-03-29,BHARATCHEM,275.45,278.75,272.09,275.39,273.68,482050
2024-04-01,BHARATCHEM,283.52,286.93,279.63,283.04,275.39,347999
2024-04-02,BHARATCHEM,278.82,280.29,277.5,278.98,283.04,629546
2024-04-03,BHARATCHEM,287.68,292.01,285.36,289.68,278.98,213777
2024-04-04,BHARATCHEM,294.15,295.22,291.92,292.98,289.68,257347
2024-04-05,BHARATCHEM,304.24,307.34,301.81,304.91,292.98,367139
2024-04-08,BHARATCHEM,288.26,291.85,285.46,289.04,304.91,302764
2024-04-09,BHARATCHEM,281.08,282.73,279.95,281.6,289.04,483671
2024-04-10,BHARATCHEM,280.01,283.21,277.17,280.37,281.6,363949
2024-04-11,BHARATCHEM,273.91,276.89,270.43,273.4,280.37,279911
2024-04-12,BHARATCHEM,275.88,278.42,273.8,276.33,273.4,202484
2024-04-15,BHARATCHEM,269.9,274.87,265.05,270.02,276.33,320762
2024-04-16,BHARATCHEM,263.05,263.81,261.64,262.4,270.02,299170
2024-04-17,BHARATCHEM,258.66,265.36,253.85,260.52,262.4,440245
2024-04-18,BHARATCHEM,260.45,261.63,258.42,259.6,260.52,138371
2024-04-19,BHARATCHEM,258.32,263.05,253.13,257.85,259.6,449905
2024-04-22,BHARATCHEM,262.32,265.03,260.57,263.27,257.85,116138
2024-04-23,BHARATCHEM,254.66,260.82,249.43,255.57,263.27,460379
2024-04-24,BHARATCHEM,256.68,259.41,254.44,257.17,255.57,213036
2024-04-25,BHARATCHEM,263.46,266.58,259.15,262.25,257.17,192376
2024-04-26,BHARATCHEM,262.84,264.52,261.92,263.6,262.25,561226
2024-04-29,BHARATCHEM,262.71,266.16,259.3,262.75,263.6,724667
2024-04-30,BHARATCHEM,263.05,264.22,261.22,262.38,262.75,474460
2024-05-01,BHARATCHEM,263.02,263.9,262.39,263.27,262.38,199964
2024-05-02,BHARATCHEM,260.75,261.5,260.22,260.97,263.27,237083
2024-05-03,BHARATCHEM,268.4,270.88,264.71,267.18,260.97,352013
2024-05-06,BHARATCHEM,262.16,267.28,258.24,263.34,267.18,319191
2024-05-07,BHARATCHEM,254.45,257.63,251.46,254.64,263.34,314844
2024-05-08,BHARATCHEM,258.86,260.46,257.22,258.82,254.64,131930
2024-05-09,BHARATCHEM,256.34,259.22,253.77,256.65,258.82,372695
2024-05-10,BHARATCHEM,261.95,268.48,255.62,262.14,256.65,522598
2024-05-13,BHARATCHEM,258.27,260.92,257.11,259.75,262.14,132727
2024-05-14,BHARATCHEM,264.89,267.96,260.74,263.79,259.75,353724
2024-05-15,BHARATCHEM,272.18,276.0,267.98,271.8,263.79,958840
2024-05-16,BHARATCHEM,270.61,277.43,263.58,270.39,271.8,850199
2024-05-17,BHARATCHEM,260.22,260.75,259.39,259.92,270.39,183875
2024-05-20,BHARATCHEM,263.59,266.81,260.11,263.32,259.92,703132
2024-05-21,BHARATCHEM,259.03,264.06,255.33,260.34,263.32,225399
2024-05-22,BHARATCHEM,263.97,266.44,261.16,263.62,260.34,153100
2024-05-23,BHARATCHEM,266.08,269.97,264.18,268.06,263.62,332056
2024-05-24,BHARATCHEM,260.02,264.05,255.23,259.25,268.06,549188
2024-05-27,BHARATCHEM,253.95,255.32,252.3,253.67,259.25,147709
2024-05-28,BHARATCHEM,258.26,260.14,257.29,259.17,253.67,275466
2024-05-29,BHARATCHEM,250.65,255.78,246.87,251.98,259.17,676284
2024-05-30,BHARATCHEM,252.17,254.2,251.04,253.07,251.98,714607
2024-05-31,BHARATCHEM,249.29,255.1,242.08,247.87,253.07,604703
2024-06-03,BHARATCHEM,252.23,254.11,251.36,253.23,247.87,534901
2024-06-04,BHARATCHEM,253.43,256.62,249.85,253.03,253.23,468345
2024-06-05,BHARATCHEM,256.81,261.24,251.51,255.93,253.03,597526
2024-06-06,BHARATCHEM,257.62,262.46,252.14,256.98,255.93,233587
2024-06-07,BHARATCHEM,252.71,258.47,247.29,253.03,256.98,449018
2024-06-10,BHARATCHEM,253.88,257.56,249.98,253.66,253.03,222696
2024-06-11,BHARATCHEM,256.31,257.82,254.2,255.7,253.66,424076
2024-06-12,BHARATCHEM,252.52,255.14,250.53,253.14,255.7,216851
2024-06-13,BHARATCHEM,252.1,253.93,250.12,251.95,253.14,278176
2024-06-14,BHARATCHEM,244.93,248.62,242.62,246.3,251.95,439936
2024-06-17,BHARATCHEM,242.46,243.97,241.07,242.57,246.3,66206
2024-06-18,BHARATCHEM,249.68,253.09,245.15,248.55,242.57,376513
2024-06-19,BHARATCHEM,239.27,240.13,238.14,239.01,248.55,878528
2024-06-20,BHARATCHEM,235.69,240.37,231.53,236.2,239.01,398110
2024-06-21,BHARATCHEM,235.04,239.78,230.06,234.8,236.2,600672
2024-06-24,BHARATCHEM,235.6,236.2,233.86,234.46,234.8,827511
2024-06-25,BHARATCHEM,240.97,242.64,237.29,238.95,234.46,349259
2024-06-26,BHARATCHEM,244.05,248.41,240.93,245.26,238.95,152813
2024-06-27,BHARATCHEM,241.27,243.83,238.12,240.67,245.26,172421
2024-06-28,BHARATCHEM,238.81,241.74,235.59,238.51,240.67,277373
2024-07-01,BHARATCHEM,246.92,250.4,244.13,247.6,238.51,134814
2024-07-02,BHARATCHEM,240.04,242.8,235.93,238.68,247.6,315968
2024-07-03,BHARATCHEM,240.81,242.62,237.43,239.23,238.68,384566
2024-07-04,BHARATCHEM,256.14,257.39,255.22,256.46,239.23,356904
2024-07-05,BHARATCHEM,251.64,253.53,249.17,251.06,256.46,124526
2024-07-08,BHARATCHEM,249.99,255.04,246.98,252.01,251.06,546953
2024-07-09,BHARATCHEM,257.17,259.43,254.56,256.82,252.01,183589
2024-07-10,BHARATCHEM,262.82,265.93,260.0,263.1,256.82,662370
2024-07-11,BHARATCHEM,263.15,265.87,261.0,263.72,263.1,228208
2024-07-12,BHARATCHEM,259.12,263.27,254.19,258.33,263.72,605901
2024-07-15,BHARATCHEM,272.85,276.03,269.51,272.68,258.33,222371
2024-07-16,BHARATCHEM,279.32,284.08,272.65,277.37,272.68,1027550
2024-07-17,BHARATCHEM,268.99,276.81,262.3,270.09,277.37,307654
2024-07-18,BHARATCHEM,273.01,275.35,271.05,273.39,270.09,321328
2024-07-19,BHARATCHEM,269.73,274.47,265.1,269.84,273.39,928493
2024-07-22,BHARATCHEM,257.63,264.44,252.82,259.6,269.84,564031
2024-07-23,BHARATCHEM,264.76,269.54,258.69,263.44,259.6,287217
2024-07-24,BHARATCHEM,271.31,274.73,267.23,270.65,263.44,341413
2024-07-25,BHARATCHEM,280.15,281.68,277.57,279.1,270.65,243449
2024-07-26,BHARATCHEM,274.49,279.54,269.38,274.43,279.1,526176
2024-07-29,BHARATCHEM,277.34,281.73,271.65,276.02,274.43,366793
2024-07-30,BHARATCHEM,270.16,273.43,265.75,269.0,276.02,250754
2024-07-31,BHARATCHEM,277.4,278.06,275.23,275.88,269.0,439834
2024-08-01,BHARATCHEM,271.51,274.91,269.35,272.74,275.88,1223238
2024-08-02,BHARATCHEM,262.25,263.94,259.85,261.53,272.74,245278
2024-08-05,BHARATCHEM,265.3,266.6,264.61,265.91,261.53,527922
2024-08-06,BHARATCHEM,263.02,265.92,260.88,263.78,265.91,296498
2024-08-07,BHARATCHEM,259.69,261.18,256.83,258.3,263.78,542792
2024-08-08,BHARATCHEM,261.54,264.78,257.47,260.69,258.3,183760
2024-08-09,BHARATCHEM,271.05,272.34,269.78,271.06,260.69,234694
2024-08-12,BHARATCHEM,274.87,280.21,269.2,274.53,271.06,375370
2024-08-13,BHARATCHEM,286.86,293.85,278.44,285.39,274.53,504910
2024-08-14,BHARATCHEM,283.08,284.9,280.97,282.79,285.39,182272
2024-08-15,BHARATCHEM,280.23,283.53,277.96,281.25,282.79,194211
2024-08-16,BHARATCHEM,283.04,289.4,274.98,281.31,281.25,389498
2024-08-19,BHARATCHEM,280.12,286.31,273.88,280.07,281.31,509902
2024-08-20,BHARATCHEM,271.62,277.36,267.01,272.73,280.07,343652
2024-08-21,BHARATCHEM,273.57,277.21,270.44,274.08,272.73,682828
2024-08-22,BHARATCHEM,274.52,278.96,272.31,276.73,274.08,345026
2024-08-23,BHARATCHEM,271.39,274.05,269.77,272.43,276.73,292208
2024-08-26,BHARATCHEM,289.95,290.7,289.24,289.99,272.43,301520
2024-08-27,BHARATCHEM,285.25,289.1,279.01,282.83,289.99,283339
2024-08-28,BHARATCHEM,283.16,286.53,279.91,283.27,282.83,1555794
2024-08-29,BHARATCHEM,284.35,286.6,283.74,285.99,283.27,391562
2024-08-30,BHARATCHEM,290.7,291.35,289.16,289.81,285.99,281060
2024-09-02,BHARATCHEM,286.66,290.34,284.28,287.95,289.81,193622
2024-09-03,BHARATCHEM,282.74,291.35,274.86,283.45,287.95,416784
2024-09-04,BHARATCHEM,277.52,281.63,275.37,279.47,283.45,425730
2024-09-05,BHARATCHEM,285.26,290.15,281.09,285.97,279.47,610626
2024-09-06,BHARATCHEM,287.96,293.69,281.59,287.31,285.97,247389
2024-09-09,BHARATCHEM,292.09,294.97,287.57,290.42,287.31,554920
2024-09-10,BHARATCHEM,278.24,283.46,272.81,278.02,290.42,245526
2024-09-11,BHARATCHEM,294.98,296.3,293.96,295.27,278.02,356936
2024-09-12,BHARATCHEM,303.17,306.64,298.13,301.59,295.27,406673
2024-09-13,BHARATCHEM,295.34,302.73,290.9,298.24,301.59,140181
2024-09-16,BHARATCHEM,294.76,296.32,292.34,293.9,298.24,417257
2024-09-17,BHARATCHEM,286.68,290.59,281.56,285.45,293.9,425923
2024-09-18,BHARATCHEM,286.74,291.76,280.31,285.3,285.45,112311
2024-09-19,BHARATCHEM,274.65,277.16,271.67,274.18,285.3,197317
2024-09-20,BHARATCHEM,284.31,287.28,280.34,283.3,274.18,429015
2024-09-23,BHARATCHEM,287.95,289.63,284.65,286.32,283.3,105643
2024-09-24,BHARATCHEM,287.97,292.42,281.54,285.97,286.32,328540
2024-09-25,BHARATCHEM,284.44,290.87,277.23,283.63,285.97,368592
2024-09-26,BHARATCHEM,284.9,286.4,282.49,284.0,283.63,522804
2024-09-27,BHARATCHEM,281.27,285.8,276.29,280.82,284.0,168731
2024-09-30,BHARATCHEM,284.88,288.18,281.43,284.73,280.82,345387
2024-10-01,BHARATCHEM,288.18,293.54,282.37,287.72,284.73,200622
2024-10-02,BHARATCHEM,292.52,297.95,285.89,291.31,287.72,128816
2024-10-03,BHARATCHEM,286.69,291.01,282.41,286.72,291.31,188353
2024-10-04,BHARATCHEM,287.6,289.38,286.3,288.08,286.72,380772
2024-10-07,BHARATCHEM,287.24,296.87,277.58,287.22,288.08,271799
2024-10-08,BHARATCHEM,281.57,282.63,280.03,281.09,287.22,300532
2024-10-09,BHARATCHEM,279.27,281.69,276.41,278.83,281.09,301407
2024-10-10,BHARATCHEM,278.34,281.41,274.94,278.01,278.83,165046
2024-10-11,BHARATCHEM,271.78,274.87,267.88,270.97,278.01,363476
2024-10-14,BHARATCHEM,270.14,270.91,269.25,270.02,270.97,357260
2024-10-15,BHARATCHEM,283.13,285.04,279.72,281.62,270.02,556133
2024-10-16,BHARATCHEM,278.19,284.07,274.13,279.98,281.62,585387
2024-10-17,BHARATCHEM,273.3,275.45,270.47,272.62,279.98,139558
2024-10-18,BHARATCHEM,273.41,277.12,269.75,273.45,272.62,408100
2024-10-21,BHARATCHEM,270.59,274.91,264.99,269.29,273.45,291184
2024-10-22,BHARATCHEM,266.49,271.7,260.7,265.9,269.29,145421
2024-10-23,BHARATCHEM,255.07,261.0,250.33,256.24,265.9,290741
2024-10-24,BHARATCHEM,255.25,259.18,252.63,256.55,256.24,180021
2024-10-25,BHARATCHEM,255.99,256.55,253.8,254.36,256.55,270205
2024-10-28,BHARATCHEM,256.25,257.96,254.69,256.4,254.36,104988
2024-10-29,BHARATCHEM,254.44,255.74,251.99,253.29,256.4,293042
2024-10-30,BHARATCHEM,251.18,253.7,249.81,252.33,253.29,120210
2024-10-31,BHARATCHEM,248.54,252.67,244.83,248.95,252.33,434105
2024-11-01,BHARATCHEM,248.42,254.72,241.91,248.21,248.95,324799
2024-11-04,BHARATCHEM,251.12,255.24,248.36,252.46,248.21,376173
2024-11-05,BHARATCHEM,249.19,250.58,247.73,249.12,252.46,265723
2024-11-06,BHARATCHEM,247.66,250.18,243.94,246.44,249.12,272235
2024-11-07,BHARATCHEM,235.72,240.29,231.32,235.88,246.44,783382
2024-11-08,BHARATCHEM,232.75,235.98,229.04,232.26,235.88,250688
2024-11-11,BHARATCHEM,232.03,233.39,231.16,232.52,232.26,230357
2024-11-12,BHARATCHEM,238.36,239.84,237.29,238.77,232.52,180901
2024-11-13,BHARATCHEM,245.83,249.31,241.05,244.51,238.77,336610
2024-11-14,BHARATCHEM,244.14,249.12,238.56,243.53,244.51,316993
2024-11-15,BHARATCHEM,236.48,242.53,230.65,236.7,243.53,372208
2024-11-18,BHARATCHEM,238.44,240.67,235.6,237.82,236.7,450280
2024-11-19,BHARATCHEM,229.86,232.03,228.68,230.84,237.82,330812
2024-11-20,BHARATCHEM,234.7,238.33,232.18,235.8,230.84,328188
2024-11-21,BHARATCHEM,238.83,245.36,233.43,239.93,235.8,141427
2024-11-22,BHARATCHEM,231.8,233.64,230.52,232.36,239.93,337488
2024-11-25,BHARATCHEM,231.62,232.6,231.15,232.13,232.36,563591
2024-11-26,BHARATCHEM,229.12,229.8,227.05,227.73,232.13,419411
2024-11-27,BHARATCHEM,223.64,225.59,222.21,224.15,227.73,238098
2024-11-28,BHARATCHEM,235.29,238.32,233.28,236.3,224.15,398698
2024-11-29,BHARATCHEM,238.45,243.04,235.46,240.04,236.3,200449
2024-12-02,BHARATCHEM,236.59,238.6,233.52,235.53,240.04,189613
2024-12-03,BHARATCHEM,240.75,243.39,237.77,240.41,235.53,141991
2024-12-04,BHARATCHEM,231.82,233.17,229.5,230.84,240.41,324651
2024-12-05,BHARATCHEM,239.68,240.97,238.84,240.13,230.84,314085
2024-12-06,BHARATCHEM,243.02,244.63,242.44,244.05,240.13,225800
2024-12-09,BHARATCHEM,234.97,236.67,234.24,235.93,244.05,451943
2024-12-10,BHARATCHEM,243.51,244.97,241.44,242.9,235.93,331842
2024-12-11,BHARATCHEM,243.37,245.45,241.0,243.07,242.9,223556
2024-12-12,BHARATCHEM,245.09,250.09,241.59,246.57,243.07,299891
2024-12-13,BHARATCHEM,249.12,253.13,245.28,249.28,246.57,208167
2024-12-16,BHARATCHEM,246.48,251.2,242.81,247.51,249.28,338352
2024-12-17,BHARATCHEM,255.55,256.49,254.52,255.46,247.51,482314
2024-12-18,BHARATCHEM,259.1,260.61,257.63,259.14,255.46,246306
2024-12-19,BHARATCHEM,265.69,266.37,264.32,264.99,259.14,220680
2024-12-20,BHARATCHEM,270.25,275.93,266.4,272.05,264.99,403914
2024-12-23,BHARATCHEM,275.73,279.02,272.46,275.75,272.05,255624
2024-12-24,BHARATCHEM,260.72,262.23,258.94,260.45,275.75,160182
2024-12-25,BHARATCHEM,261.99,264.08,260.51,262.6,260.45,244072
2024-12-26,BHARATCHEM,256.27,261.05,252.89,257.65,262.6,427826
2024-12-27,BHARATCHEM,255.58,261.6,249.41,255.43,257.65,314265
2024-01-01,COASTBANK,293.51,294.93,291.94,293.36,295.5,425294
2024-01-02,COASTBANK,298.28,303.69,290.72,296.08,293.36,619331
2024-01-03,COASTBANK,297.38,299.37,296.21,298.2,296.08,297216
2024-01-04,COASTBANK,296.01,297.58,293.99,295.56,298.2,152096
2024-01-05,COASTBANK,303.55,306.78,301.78,305.0,295.56,273899
2024-01-08,COASTBANK,307.38,308.52,306.22,307.36,305.0,300110
2024-01-09,COASTBANK,311.44,318.74,303.14,310.43,307.36,388242
2024-01-10,COASTBANK,306.87,312.85,299.97,305.93,310.43,213352
2024-01-11,COASTBANK,312.55,318.46,309.19,315.07,305.93,830830
2024-01-12,COASTBANK,321.99,324.47,319.84,322.31,315.07,365058
2024-01-15,COASTBANK,316.78,321.15,313.66,318.03,322.31,381075
2024-01-16,COASTBANK,314.7,318.94,311.4,315.62,318.03,453387
2024-01-17,COASTBANK,318.22,320.2,316.03,318.01,315.62,684602
2024-01-18,COASTBANK,321.36,324.24,319.52,322.39,318.01,393698
2024-01-19,COASTBANK,329.13,332.22,326.4,329.48,322.39,328257
2024-01-22,COASTBANK,337.77,339.74,335.75,337.73,329.48,266132
2024-01-23,COASTBANK,327.5,331.41,324.42,328.32,337.73,762559
2024-01-24,COASTBANK,328.26,338.21,319.71,329.64,328.32,423769
2024-01-25,COASTBANK,325.53,330.86,321.82,327.13,329.64,518414
2024-01-26,COASTBANK,324.58,327.66,323.48,326.56,327.13,315106
2024-01-29,COASTBANK,329.09,330.81,325.21,326.92,326.56,310469
2024-01-30,COASTBANK,324.4,327.26,322.13,324.99,326.92,178042
2024-01-31,COASTBANK,323.7,324.41,321.59,322.29,324.99,122206
2024-02-01,COASTBANK,331.98,338.5,328.49,334.98,322.29,199854
2024-02-02,COASTBANK,335.64,346.6,327.33,338.22,334.98,404785
2024-02-05,COASTBANK,354.44,358.09,347.03,350.64,338.22,281480
2024-02-06,COASTBANK,348.94,356.51,342.54,350.08,350.64,139929
2024-02-07,COASTBANK,343.78,350.02,337.49,343.72,350.08,380619
2024-02-08,COASTBANK,344.16,349.6,338.23,343.66,343.72,483565
2024-02-09,COASTBANK,356.42,359.02,351.85,354.43,343.66,272326
2024-02-12,COASTBANK,363.32,365.07,359.6,361.34,354.43,189941
2024-02-13,COASTBANK,357.37,360.74,353.21,356.57,361.34,389936
2024-02-14,COASTBANK,355.16,357.32,352.17,354.33,356.57,837449
2024-02-15,COASTBANK,361.29,365.08,354.92,358.68,354.33,170085
2024-02-16,COASTBANK,353.23,355.79,350.18,352.74,358.68,279090
2024-02-19,COASTBANK,359.44,365.75,353.01,359.33,352.74,299327
2024-02-20,COASTBANK,348.27,350.52,344.26,346.5,359.33,244505
2024-02-21,COASTBANK,331.52,332.28,329.97,330.72,346.5,546096
2024-02-22,COASTBANK,348.86,355.0,342.2,348.33,330.72,296703
2024-02-23,COASTBANK,362.01,364.71,357.68,360.37,348.33,494944
2024-02-26,COASTBANK,358.21,361.32,355.68,358.79,360.37,455037
2024-02-27,COASTBANK,366.35,367.12,363.23,363.99,358.79,473315
2024-02-28,COASTBANK,363.6,367.94,360.25,364.58,363.99,385862
2024-02-29,COASTBANK,372.75,380.58,364.77,372.6,364.58,217959
2024-03-01,COASTBANK,367.42,372.73,361.33,366.63,372.6,309280
2024-03-04,COASTBANK,367.33,370.25,364.65,367.58,366.63,602768
2024-03-05,COASTBANK,378.03,381.97,374.67,378.61,367.58,249405
2024-03-06,COASTBANK,367.68,370.49,363.84,366.64,378.61,251529
2024-03-07,COASTBANK,354.15,356.62,350.15,352.61,366.64,945380
2024-03-08,COASTBANK,357.02,365.67,351.2,359.81,352.61,824498
2024-03-11,COASTBANK,358.9,364.5,353.69,359.28,359.81,235275
2024-03-12,COASTBANK,355.33,358.7,350.61,353.98,359.28,472937
2024-03-13,COASTBANK,353.43,360.2,347.87,354.62,353.98,219710
2024-03-14,COASTBANK,354.75,360.11,349.64,354.99,354.62,506945
2024-03-15,COASTBANK,365.63,374.35,356.58,365.29,354.99,590660
2024-03-18,COASTBANK,358.03,360.31,355.63,357.91,365.29,1568051
2024-03-19,COASTBANK,365.2,369.22,358.76,362.75,357.91,188975
2024-03-20,COASTBANK,362.51,364.68,361.03,363.19,362.75,54203
2024-03-21,COASTBANK,372.25,374.22,371.17,373.14,363.19,244739
2024-03-22,COASTBANK,364.56,369.83,361.15,366.4,373.14,380298
2024-03-25,COASTBANK,363.28,374.5,355.11,366.25,366.4,301026
2024-03-26,COASTBANK,375.22,379.57,368.2,372.52,366.25,478992
2024-03-27,COASTBANK,374.83,379.25,370.26,374.68,372.52,234779
2024-03-28,COASTBANK,375.02,382.58,369.15,376.68,374.68,220921
2024-03-29,COASTBANK,367.3,369.46,366.13,368.28,376.68,424759
2024-04-01,COASTBANK,361.2,366.69,357.92,363.4,368.28,335396
2024-04-02,COASTBANK,357.58,360.91,354.44,357.76,363.4,502286
2024-04-03,COASTBANK,366.84,375.99,361.86,370.96,357.76,1033492
2024-04-04,COASTBANK,362.73,368.2,357.39,362.85,370.96,219783
2024-04-05,COASTBANK,357.36,363.81,349.18,355.6,362.85,606135
2024-04-08,COASTBANK,365.0,374.39,356.57,365.94,355.6,372810
2024-04-09,COASTBANK,376.83,380.18,375.31,378.66,365.94,193131
2024-04-10,COASTBANK,363.9,367.0,361.41,364.5,378.66,484880
2024-04-11,COASTBANK,358.14,360.71,356.57,359.13,364.5,178397
2024-04-12,COASTBANK,348.58,356.78,340.57,348.77,359.13,286412
2024-04-15,COASTBANK,348.27,351.53,345.33,348.59,348.77,397788
2024-04-16,COASTBANK,345.32,350.22,341.02,345.92,348.59,440095
2024-04-17,COASTBANK,361.33,362.61,359.08,360.35,345.92,315493
2024-04-18,COASTBANK,356.68,359.12,354.01,356.44,360.35,487356
2024-04-19,COASTBANK,343.65,349.51,341.14,346.98,356.44,299728
2024-04-22,COASTBANK,330.95,334.64,325.9,329.57,346.98,221665
2024-04-23,COASTBANK,324.72,327.65,321.11,324.03,329.57,318471
2024-04-24,COASTBANK,321.65,326.27,317.72,322.34,324.03,363144
2024-04-25,COASTBANK,326.17,330.7,322.24,326.76,322.34,400348
2024-04-26,COASTBANK,338.46,340.56,335.76,337.86,326.76,554993
2024-04-29,COASTBANK,353.55,355.7,350.14,352.29,337.86,337579
2024-04-30,COASTBANK,362.96,365.38,360.33,362.74,352.29,507405
2024-05-01,COASTBANK,366.38,373.05,358.82,365.48,362.74,245064
2024-05-02,COASTBANK,370.18,374.36,366.56,370.74,365.48,211537
2024-05-03,COASTBANK,364.88,365.85,362.77,363.74,370.74,98093
2024-05-06,COASTBANK,365.88,367.64,363.27,365.03,363.74,257351
2024-05-07,COASTBANK,372.22,375.66,367.19,370.62,365.03,316955
2024-05-08,COASTBANK,361.28,366.5,356.29,361.52,370.62,193957
2024-05-09,COASTBANK,360.02,364.54,355.49,360.01,361.52,57726
2024-05-10,COASTBANK,355.36,361.98,352.07,358.66,360.01,268891
2024-05-13,COASTBANK,350.01,351.54,346.51,348.04,358.66,295391
2024-05-14,COASTBANK,355.72,363.19,347.87,355.33,348.04,369132
2024-05-15,COASTBANK,369.2,372.39,363.25,366.42,355.33,1125752
2024-05-16,COASTBANK,365.87,367.36,361.82,363.3,366.42,430258
2024-05-17,COASTBANK,363.37,368.2,357.67,362.49,363.3,518269
2024-05-20,COASTBANK,345.11,351.05,339.49,345.43,362.49,505616
2024-05-21,COASTBANK,341.41,344.87,339.34,342.79,345.43,439844
2024-05-22,COASTBANK,346.36,353.32,341.07,348.0,342.79,187196
2024-05-23,COASTBANK,349.07,354.01,342.89,347.81,348.0,621805
2024-05-24,COASTBANK,344.04,346.77,341.08,343.81,347.81,171003
2024-05-27,COASTBANK,341.77,343.89,340.26,342.38,343.81,127273
2024-05-28,COASTBANK,330.87,335.66,327.24,332.02,342.38,303283
2024-05-29,COASTBANK,325.09,328.84,320.04,323.78,332.02,323861
2024-05-30,COASTBANK,307.8,309.48,305.44,307.13,323.78,387785
2024-05-31,COASTBANK,318.07,320.48,314.31,316.7,307.13,332497
2024-06-03,COASTBANK,329.42,333.92,321.2,325.65,316.7,490441
2024-06-04,COASTBANK,329.43,333.83,325.1,329.5,325.65,372885
2024-06-05,COASTBANK,340.14,347.91,334.17,341.91,329.5,667136
2024-06-06,COASTBANK,353.57,360.68,345.52,352.6,341.91,195415
2024-06-07,COASTBANK,356.2,357.35,355.06,356.2,352.6,379488
2024-06-10,COASTBANK,362.17,365.66,358.18,361.67,356.2,144778
2024-06-11,COASTBANK,368.22,373.7,361.62,367.08,361.67,183754
2024-06-12,COASTBANK,359.59,366.62,355.16,362.16,367.08,574728
2024-06-13,COASTBANK,353.6,359.84,347.3,353.53,362.16,188402
2024-06-14,COASTBANK,354.23,356.26,351.22,353.25,353.53,307974
2024-06-17,COASTBANK,358.94,360.72,356.82,358.6,353.25,470195
2024-06-18,COASTBANK,364.35,366.85,362.76,365.26,358.6,200735
2024-06-19,COASTBANK,373.46,380.12,367.64,374.29,365.26,615946
2024-06-20,COASTBANK,372.34,380.64,364.98,373.26,374.29,344390
2024-06-21,COASTBANK,368.45,375.34,361.04,367.92,373.26,394750
2024-06-24,COASTBANK,360.71,369.76,353.22,362.24,367.92,798646
2024-06-25,COASTBANK,349.92,354.35,346.83,351.26,362.24,678696
2024-06-26,COASTBANK,336.29,340.23,334.09,338.01,351.26,767887
2024-06-27,COASTBANK,334.08,339.01,329.6,334.52,338.01,287821
2024-06-28,COASTBANK,332.04,334.79,328.8,331.54,334.52,398869
2024-07-01,COASTBANK,328.12,331.02,324.15,327.04,331.54,557477
2024-07-02,COASTBANK,317.55,319.85,314.7,316.99,327.04,355982
2024-07-03,COASTBANK,314.38,317.17,310.8,313.59,316.99,243236
2024-07-04,COASTBANK,314.38,319.21,307.0,311.78,313.59,843307
2024-07-05,COASTBANK,318.36,321.58,317.56,320.77,311.78,260051
2024-07-08,COASTBANK,319.37,321.94,317.83,320.39,320.77,300625
2024-07-09,COASTBANK,331.06,333.32,330.2,332.45,320.39,445660
2024-07-10,COASTBANK,346.35,350.69,341.44,345.78,332.45,785716
2024-07-11,COASTBANK,344.6,346.54,342.32,344.26,345.78,904293
2024-07-12,COASTBANK,339.7,340.85,338.41,339.56,344.26,365346
2024-07-15,COASTBANK,344.72,346.93,344.0,346.2,339.56,289495
2024-07-16,COASTBANK,350.7,354.93,347.15,351.38,346.2,505846
2024-07-17,COASTBANK,349.91,351.41,349.09,350.59,351.38,341369
2024-07-18,COASTBANK,338.29,347.33,331.31,340.31,350.59,470044
2024-07-19,COASTBANK,340.99,349.87,332.53,341.39,340.31,399618
2024-07-22,COASTBANK,350.82,357.23,346.08,352.47,341.39,958791
2024-07-23,COASTBANK,357.1,360.53,353.45,356.89,352.47,455527
2024-07-24,COASTBANK,360.96,364.17,358.44,361.64,356.89,535532
2024-07-25,COASTBANK,359.52,361.09,355.54,357.1,361.64,124659
2024-07-26,COASTBANK,351.36,353.7,348.65,350.99,357.1,908421
2024-07-29,COASTBANK,346.58,352.85,342.27,348.51,350.99,399810
2024-07-30,COASTBANK,352.85,356.68,349.84,353.66,348.51,284439
2024-07-31,COASTBANK,377.0,382.02,372.65,377.65,353.66,1376911
2024-08-01,COASTBANK,386.83,392.08,384.06,389.29,377.65,259817
2024-08-02,COASTBANK,381.55,392.85,374.62,385.84,389.29,539108
2024-08-05,COASTBANK,388.77,392.84,382.86,386.91,385.84,311500
2024-08-06,COASTBANK,393.21,398.4,387.66,392.85,386.91,378246
2024-08-07,COASTBANK,404.05,418.13,392.58,406.58,392.85,126343
2024-08-08,COASTBANK,402.39,406.21,401.11,404.93,406.58,789041
2024-08-09,COASTBANK,389.51,391.95,388.69,391.13,404.93,209360
2024-08-12,COASTBANK,403.55,405.59,401.1,403.14,391.13,349859
2024-08-13,COASTBANK,406.78,410.56,401.85,405.62,403.14,747488
2024-08-14,COASTBANK,407.32,410.65,403.47,406.8,405.62,449283
2024-08-15,COASTBANK,398.22,399.16,397.17,398.1,406.8,232805
2024-08-16,COASTBANK,404.48,406.19,402.49,404.2,398.1,225703
2024-08-19,COASTBANK,403.74,413.02,396.91,406.14,404.2,120489
2024-08-20,COASTBANK,399.93,401.98,397.94,399.98,406.14,139282
2024-08-21,COASTBANK,389.42,394.13,384.96,389.66,399.98,329134
2024-08-22,COASTBANK,377.81,378.89,375.34,376.42,389.66,192672
2024-08-23,COASTBANK,382.85,387.32,376.62,381.07,376.42,466886
2024-08-26,COASTBANK,385.32,388.48,384.17,387.33,381.07,303498
2024-08-27,COASTBANK,392.13,395.08,385.75,388.68,387.33,437901
2024-08-28,COASTBANK,376.44,381.97,371.45,376.97,388.68,479299
2024-08-29,COASTBANK,370.19,375.57,365.02,370.4,376.97,349085
2024-08-30,COASTBANK,370.96,375.23,365.35,369.59,370.4,286049
2024-09-02,COASTBANK,356.33,360.46,353.53,357.66,369.59,77313
2024-09-03,COASTBANK,335.51,339.75,333.05,337.28,357.66,769979
2024-09-04,COASTBANK,336.48,343.14,330.31,336.96,337.28,845559
2024-09-05,COASTBANK,332.72,335.0,329.51,331.78,336.96,531951
2024-09-06,COASTBANK,315.69,317.29,313.96,315.55,331.78,368737
2024-09-09,COASTBANK,319.21,322.22,317.7,320.71,315.55,230768
2024-09-10,COASTBANK,333.81,334.84,332.36,333.38,320.71,306232
2024-09-11,COASTBANK,334.65,337.72,331.22,334.3,333.38,1667534
2024-09-12,COASTBANK,333.13,334.23,331.92,333.02,334.3,292894
2024-09-13,COASTBANK,326.99,327.66,325.95,326.61,333.02,436045
2024-09-16,COASTBANK,324.67,329.69,320.97,325.97,326.61,327621
2024-09-17,COASTBANK,330.06,332.3,325.62,327.84,325.97,190142
2024-09-18,COASTBANK,320.12,324.29,317.77,321.92,327.84,319874
2024-09-19,COASTBANK,313.29,319.32,307.64,313.67,321.92,276294
2024-09-20,COASTBANK,301.74,305.66,298.07,301.98,313.67,300619
2024-09-23,COASTBANK,314.12,318.0,309.01,312.88,301.98,468877
2024-09-24,COASTBANK,304.58,305.96,302.99,304.37,312.88,178312
2024-09-25,COASTBANK,313.3,318.5,306.65,311.83,304.37,434652
2024-09-26,COASTBANK,313.38,316.23,311.5,314.34,311.83,335256
2024-09-27,COASTBANK,298.33,302.16,295.13,298.95,314.34,217590
2024-09-30,COASTBANK,294.63,301.06,290.33,296.72,298.95,222975
2024-10-01,COASTBANK,290.57,295.14,285.94,290.51,296.72,459952
2024-10-02,COASTBANK,291.36,294.79,290.36,293.78,290.51,448126
2024-10-03,COASTBANK,283.01,291.44,275.05,283.47,293.78,313309
2024-10-04,COASTBANK,286.0,287.63,284.17,285.8,283.47,312842
2024-10-07,COASTBANK,280.01,280.78,278.47,279.24,285.8,289718
2024-10-08,COASTBANK,278.07,283.05,274.67,279.63,279.24,257423
2024-10-09,COASTBANK,290.05,292.87,284.99,287.79,279.63,200850
2024-10-10,COASTBANK,285.19,290.16,281.44,286.4,287.79,325820
2024-10-11,COASTBANK,287.79,289.51,285.86,287.58,286.4,432186
2024-10-14,COASTBANK,293.74,295.15,292.38,293.79,287.58,748274
2024-10-15,COASTBANK,284.99,287.98,281.79,284.77,293.79,495987
2024-10-16,COASTBANK,277.11,279.22,276.48,278.58,284.77,448599
2024-10-17,COASTBANK,283.68,285.21,281.15,282.67,278.58,259777
2024-10-18,COASTBANK,278.55,282.2,274.51,278.16,282.67,250685
2024-10-21,COASTBANK,281.37,286.15,278.41,283.17,278.16,711191
2024-10-22,COASTBANK,277.32,280.06,272.53,275.25,283.17,432050
2024-10-23,COASTBANK,274.86,276.36,272.85,274.35,275.25,426224
2024-10-24,COASTBANK,272.51,278.44,269.05,274.94,274.35,715308
2024-10-25,COASTBANK,283.51,285.72,280.71,282.92,274.94,250114
2024-10-28,COASTBANK,277.13,278.23,273.22,274.32,282.92,149448
2024-10-29,COASTBANK,280.45,281.54,278.73,279.82,274.32,413316
2024-10-30,COASTBANK,266.6,271.32,264.14,268.84,279.82,233591
2024-10-31,COASTBANK,263.33,267.36,259.69,263.72,268.84,209354
2024-11-01,COASTBANK,262.88,264.23,262.25,263.61,263.72,689380
2024-11-04,COASTBANK,270.55,273.39,267.76,270.6,263.61,632521
2024-11-05,COASTBANK,262.94,263.72,262.36,263.14,270.6,231143
2024-11-06,COASTBANK,254.78,261.7,246.85,253.74,263.14,653205
2024-11-07,COASTBANK,255.58,259.48,251.02,254.91,253.74,359487
2024-11-08,COASTBANK,260.15,266.42,255.62,261.86,254.91,643049
2024-11-11,COASTBANK,265.66,266.32,263.55,264.21,261.86,327834
2024-11-12,COASTBANK,266.03,266.63,265.23,265.83,264.21,103257
2024-11-13,COASTBANK,271.92,273.02,270.89,271.99,265.83,503155
2024-11-14,COASTBANK,272.93,275.11,271.15,273.33,271.99,232522
2024-11-15,COASTBANK,265.48,268.26,263.69,266.46,273.33,411470
2024-11-18,COASTBANK,255.91,258.77,253.42,256.27,266.46,239071
2024-11-19,COASTBANK,255.95,264.49,249.48,257.97,256.27,347303
2024-11-20,COASTBANK,270.82,273.63,266.44,269.23,257.97,718670
2024-11-21,COASTBANK,268.19,272.09,264.76,268.66,269.23,661765
2024-11-22,COASTBANK,275.03,280.15,271.14,276.23,268.66,201902
2024-11-25,COASTBANK,272.62,273.95,269.76,271.08,276.23,230093
2024-11-26,COASTBANK,263.08,265.08,260.62,262.62,271.08,159787
2024-11-27,COASTBANK,258.88,260.56,257.53,259.21,262.62,679930
2024-11-28,COASTBANK,263.07,264.58,260.88,262.38,259.21,521975
2024-11-29,COASTBANK,264.25,269.21,259.61,264.57,262.38,276707
2024-12-02,COASTBANK,268.78,270.88,266.96,269.06,264.57,342767
2024-12-03,COASTBANK,261.72,262.56,259.33,260.16,269.06,824498
2024-12-04,COASTBANK,262.32,264.18,260.8,262.65,260.16,462032
2024-12-05,COASTBANK,260.42,261.16,259.25,259.99,262.65,539023
2024-12-06,COASTBANK,254.88,255.42,254.14,254.67,259.99,552423
2024-12-09,COASTBANK,258.28,259.35,256.57,257.64,254.67,774329
2024-12-10,COASTBANK,265.72,269.77,263.17,267.2,257.64,266608
2024-12-11,COASTBANK,269.25,270.85,268.13,269.73,267.2,226415
2024-12-12,COASTBANK,274.81,277.43,273.49,276.1,269.73,192642
2024-12-13,COASTBANK,266.53,269.18,264.99,267.64,276.1,287948
2024-12-16,COASTBANK,271.47,272.32,270.37,271.22,267.64,154303
2024-12-17,COASTBANK,260.63,264.64,257.31,261.31,271.22,361524
2024-12-18,COASTBANK,261.69,265.36,258.3,261.97,261.31,661984
2024-12-19,COASTBANK,259.43,264.23,255.65,260.44,261.97,504364
2024-12-20,COASTBANK,264.86,265.52,263.13,263.78,260.44,125229
2024-12-23,COASTBANK,266.92,271.07,263.3,267.43,263.78,236637
2024-12-24,COASTBANK,270.04,273.5,267.55,271.0,267.43,529291
2024-12-25,COASTBANK,280.91,283.51,276.62,279.2,271.0,622465
2024-12-26,COASTBANK,280.75,284.71,278.84,282.79,279.2,293381
2024-12-27,COASTBANK,278.5,282.69,275.92,280.09,282.79,260001
2024-01-01,DECCANMOT,390.71,391.51,389.78,390.58,391.41,741791
2024-01-02,DECCANMOT,377.26,382.74,372.64,378.11,390.58,1319495
2024-01-03,DECCANMOT,373.09,383.11,364.69,374.68,378.11,326695
2024-01-04,DECCANMOT,369.93,374.19,368.06,372.31,374.68,582824
2024-01-05,DECCANMOT,381.42,387.43,377.13,383.12,372.31,427021
2024-01-08,DECCANMOT,396.74,401.96,390.46,395.67,383.12,306931
2024-01-09,DECCANMOT,390.89,402.41,382.72,394.17,395.67,252584
2024-01-10,DECCANMOT,396.07,399.65,389.89,393.44,394.17,213475
2024-01-11,DECCANMOT,414.03,419.41,407.62,412.98,393.44,961295
2024-01-12,DECCANMOT,430.77,435.18,423.26,427.64,412.98,407364
2024-01-15,DECCANMOT,431.9,434.11,427.46,429.66,427.64,932825
2024-01-16,DECCANMOT,432.86,437.47,429.18,433.77,429.66,619160
2024-01-17,DECCANMOT,439.83,444.99,433.95,439.11,433.77,681585
2024-01-18,DECCANMOT,439.17,446.25,437.73,444.79,439.11,520442
2024-01-19,DECCANMOT,435.42,446.34,426.0,436.9,444.79,501391
2024-01-22,DECCANMOT,439.4,445.71,432.74,439.04,436.9,166154
2024-01-23,DECCANMOT,447.23,452.25,442.2,447.22,439.04,228752
2024-01-24,DECCANMOT,430.02,437.66,422.19,429.83,447.22,496702
2024-01-25,DECCANMOT,423.75,429.47,418.07,423.79,429.83,177455
2024-01-26,DECCANMOT,423.67,430.08,415.86,422.24,423.79,286490
2024-01-29,DECCANMOT,425.02,426.98,421.84,423.79,422.24,637679
2024-01-30,DECCANMOT,423.68,426.39,420.08,422.78,423.79,466334
2024-01-31,DECCANMOT,411.74,421.06,404.02,413.31,422.78,355200
2024-02-01,DECCANMOT,413.82,418.94,411.8,416.91,413.31,644333
2024-02-02,DECCANMOT,418.16,422.58,414.15,418.55,416.91,232836
2024-02-05,DECCANMOT,394.0,396.49,390.95,393.44,418.55,295581
2024-02-06,DECCANMOT,384.76,390.49,379.65,385.36,393.44,327940
2024-02-07,DECCANMOT,390.1,393.96,387.77,391.62,385.36,763316
2024-02-08,DECCANMOT,398.57,401.29,394.45,397.16,391.62,304843
2024-02-09,DECCANMOT,400.29,407.37,392.68,399.75,397.16,314257
2024-02-12,DECCANMOT,388.14,391.14,385.97,388.97,399.75,990162
2024-02-13,DECCANMOT,381.86,387.27,376.7,382.1,388.97,611476
2024-02-14,DECCANMOT,386.45,393.77,377.58,384.86,382.1,203738
2024-02-15,DECCANMOT,381.9,386.61,376.13,380.83,384.86,466545
2024-02-16,DECCANMOT,381.12,383.49,378.74,381.11,380.83,291972
2024-02-19,DECCANMOT,375.07,377.89,372.69,375.5,381.11,1294405
2024-02-20,DECCANMOT,376.34,382.81,368.88,375.35,375.5,551518
2024-02-21,DECCANMOT,381.38,384.31,379.04,381.96,375.35,1320388
2024-02-22,DECCANMOT,399.37,407.42,390.68,398.71,381.96,393974
2024-02-23,DECCANMOT,386.04,390.98,380.47,385.4,398.71,304913
2024-02-26,DECCANMOT,404.46,413.85,398.53,407.87,385.4,556439
2024-02-27,DECCANMOT,402.84,408.75,397.05,402.95,407.87,559540
2024-02-28,DECCANMOT,431.32,433.41,427.39,429.47,402.95,1288381
2024-02-29,DECCANMOT,397.85,400.66,394.04,396.85,429.47,1583009
2024-03-01,DECCANMOT,415.64,418.32,413.23,415.91,396.85,1150653
2024-03-04,DECCANMOT,413.13,420.99,403.73,411.56,415.91,162788
2024-03-05,DECCANMOT,391.0,393.29,387.38,389.67,411.56,243008
2024-03-06,DECCANMOT,378.78,387.25,370.97,379.43,389.67,813813
2024-03-07,DECCANMOT,384.75,390.65,379.65,385.55,379.43,200285
2024-03-08,DECCANMOT,384.89,389.83,379.51,384.44,385.55,530466
2024-03-11,DECCANMOT,383.38,384.87,382.01,383.51,384.44,493148
2024-03-12,DECCANMOT,388.49,395.64,380.81,387.95,383.51,426338
2024-03-13,DECCANMOT,379.37,385.53,373.7,379.85,387.95,245047
2024-03-14,DECCANMOT,385.5,388.92,380.7,384.11,379.85,1530763
2024-03-15,DECCANMOT,383.3,387.4,379.95,384.05,384.11,825020
2024-03-18,DECCANMOT,394.28,398.1,389.16,392.97,384.05,440678
2024-03-19,DECCANMOT,394.37,397.18,391.89,394.7,392.97,1058820
2024-03-20,DECCANMOT,406.89,411.12,402.85,407.07,394.7,586648
2024-03-21,DECCANMOT,403.45,405.61,401.44,403.6,407.07,1033827
2024-03-22,DECCANMOT,435.39,438.52,431.85,434.98,403.6,478841
2024-03-25,DECCANMOT,453.65,455.45,448.98,450.76,434.98,512702
2024-03-26,DECCANMOT,441.19,445.1,438.13,442.03,450.76,908775
2024-03-27,DECCANMOT,428.08,433.45,422.05,427.4,442.03,334499
2024-03-28,DECCANMOT,428.44,439.35,418.93,429.8,427.4,565976
2024-03-29,DECCANMOT,431.35,434.1,429.96,432.7,429.8,513257
2024-04-01,DECCANMOT,423.64,425.63,422.73,424.71,432.7,470833
2024-04-02,DECCANMOT,430.13,432.71,425.95,428.52,424.71,499210
2024-04-03,DECCANMOT,453.3,460.5,443.71,450.88,428.52,771946
2024-04-04,DECCANMOT,452.05,461.06,441.54,450.51,450.88,320426
2024-04-05,DECCANMOT,459.98,462.74,456.27,459.02,450.51,327891
2024-04-08,DECCANMOT,474.94,481.0,469.14,475.2,459.02,399849
2024-04-09,DECCANMOT,468.09,469.86,466.17,467.95,475.2,384473
2024-04-10,DECCANMOT,480.79,483.92,478.63,481.76,467.95,310144
2024-04-11,DECCANMOT,471.15,473.75,465.98,468.57,481.76,187189
2024-04-12,DECCANMOT,473.28,475.11,470.3,472.13,468.57,267281
2024-04-15,DECCANMOT,476.64,485.28,468.35,476.98,472.13,271935
2024-04-16,DECCANMOT,468.94,474.98,463.61,469.63,476.98,725902
2024-04-17,DECCANMOT,490.24,492.23,487.17,489.16,469.63,658108
2024-04-18,DECCANMOT,494.47,505.59,482.8,493.91,489.16,780925
2024-04-19,DECCANMOT,500.67,507.59,494.03,500.94,493.91,473132
2024-04-22,DECCANMOT,506.72,514.74,500.63,508.63,500.94,652563
2024-04-23,DECCANMOT,509.05,513.89,505.61,510.43,508.63,586571
2024-04-24,DECCANMOT,515.54,524.09,507.24,515.79,510.43,262966
2024-04-25,DECCANMOT,507.45,509.89,504.4,506.83,515.79,947845
2024-04-26,DECCANMOT,533.58,542.37,527.1,535.86,506.83,424697
2024-04-29,DECCANMOT,526.49,527.96,520.97,522.43,535.86,368971
2024-04-30,DECCANMOT,522.09,526.54,515.44,519.87,522.43,805117
2024-05-01,DECCANMOT,499.91,501.75,496.74,498.58,519.87,286375
2024-05-02,DECCANMOT,493.95,500.28,485.95,492.26,498.58,573542
2024-05-03,DECCANMOT,485.25,491.45,476.71,482.87,492.26,641458
2024-05-06,DECCANMOT,495.76,497.61,493.44,495.29,482.87,655865
2024-05-07,DECCANMOT,482.54,491.34,474.08,482.87,495.29,511967
2024-05-08,DECCANMOT,474.92,479.67,467.45,472.18,482.87,575391
2024-05-09,DECCANMOT,482.29,483.68,478.83,480.21,472.18,367616
2024-05-10,DECCANMOT,471.73,476.03,470.26,474.55,480.21,376227
2024-05-13,DECCANMOT,475.66,489.43,460.36,474.08,474.55,276660
2024-05-14,DECCANMOT,446.66,447.55,445.11,446.0,474.08,531139
2024-05-15,DECCANMOT,441.5,446.7,436.59,441.78,446.0,350607
2024-05-16,DECCANMOT,457.97,462.28,452.23,456.53,441.78,750980
2024-05-17,DECCANMOT,458.67,461.17,455.53,458.03,456.53,700059
2024-05-20,DECCANMOT,465.06,472.86,457.8,465.6,458.03,224575
2024-05-21,DECCANMOT,463.68,465.08,460.65,462.04,465.6,652685
2024-05-22,DECCANMOT,465.76,474.13,454.48,462.8,462.04,1131731
2024-05-23,DECCANMOT,455.31,461.67,444.04,450.33,462.8,477102
2024-05-24,DECCANMOT,462.82,465.45,460.64,463.27,450.33,308892
2024-05-27,DECCANMOT,468.88,471.93,466.62,469.66,463.27,608473
2024-05-28,DECCANMOT,489.71,495.3,487.26,492.83,469.66,324158
2024-05-29,DECCANMOT,478.1,479.8,477.09,478.79,492.83,585441
2024-05-30,DECCANMOT,473.46,479.4,468.06,474.0,478.79,476155
2024-05-31,DECCANMOT,481.15,493.01,470.42,482.25,474.0,668591
2024-06-03,DECCANMOT,497.3,503.63,491.05,497.37,482.25,481112
2024-06-04,DECCANMOT,483.17,484.69,479.25,480.77,497.37,590216
2024-06-05,DECCANMOT,472.14,477.72,470.09,475.65,480.77,387649
2024-06-06,DECCANMOT,482.98,490.93,471.89,479.79,475.65,598900
2024-06-07,DECCANMOT,494.47,502.47,487.44,495.43,479.79,1138389
2024-06-10,DECCANMOT,480.95,492.02,471.56,482.6,495.43,803545
2024-06-11,DECCANMOT,508.27,510.06,503.7,505.47,482.6,407099
2024-06-12,DECCANMOT,499.69,512.88,484.36,497.49,505.47,311706
2024-06-13,DECCANMOT,485.74,491.95,481.69,487.89,497.49,283017
2024-06-14,DECCANMOT,487.85,492.18,483.38,487.71,487.89,531419
2024-06-17,DECCANMOT,487.06,489.9,485.73,488.57,487.71,446331
2024-06-18,DECCANMOT,487.07,494.14,480.66,487.72,488.57,1942890
2024-06-19,DECCANMOT,505.01,508.37,502.13,505.49,487.72,361750
2024-06-20,DECCANMOT,483.43,493.1,472.2,481.84,505.49,666152
2024-06-21,DECCANMOT,480.74,491.91,470.64,481.78,481.84,913670
2024-06-24,DECCANMOT,468.92,474.47,461.81,467.34,481.78,389490
2024-06-25,DECCANMOT,464.64,475.25,455.97,466.54,467.34,246475
2024-06-26,DECCANMOT,472.0,474.15,467.27,469.41,466.54,437429
2024-06-27,DECCANMOT,479.44,483.72,476.16,480.43,469.41,342803
2024-06-28,DECCANMOT,488.54,502.78,475.14,489.35,480.43,335958
2024-07-01,DECCANMOT,491.86,503.19,478.4,489.68,489.35,551785
2024-07-02,DECCANMOT,476.28,484.5,467.98,476.19,489.68,414364
2024-07-03,DECCANMOT,480.5,484.72,476.08,480.3,476.19,578899
2024-07-04,DECCANMOT,467.36,470.94,464.16,467.74,480.3,248428
2024-07-05,DECCANMOT,484.76,489.3,479.07,483.6,467.74,260807
2024-07-08,DECCANMOT,522.93,536.8,509.3,523.15,483.6,984315
2024-07-09,DECCANMOT,519.85,527.26,516.16,523.54,523.15,387174
2024-07-10,DECCANMOT,515.0,522.33,511.21,518.52,523.54,369963
2024-07-11,DECCANMOT,515.1,517.4,509.86,512.15,518.52,603431
2024-07-12,DECCANMOT,532.55,538.05,527.78,533.27,512.15,274586
2024-07-15,DECCANMOT,520.42,526.31,514.93,520.82,533.27,454429
2024-07-16,DECCANMOT,532.59,537.67,527.27,532.35,520.82,430631
2024-07-17,DECCANMOT,548.36,557.96,539.74,549.33,532.35,1007196
2024-07-18,DECCANMOT,534.19,536.53,530.9,533.24,549.33,453307
2024-07-19,DECCANMOT,567.54,572.37,561.45,566.27,533.24,806260
2024-07-22,DECCANMOT,564.45,571.23,559.57,566.33,566.27,247186
2024-07-23,DECCANMOT,553.39,560.7,545.18,552.48,566.33,498793
2024-07-24,DECCANMOT,545.13,548.73,543.07,546.66,552.48,902186
2024-07-25,DECCANMOT,539.38,546.34,533.93,540.88,546.66,401519
2024-07-26,DECCANMOT,545.18,557.22,534.14,546.15,540.88,458427
2024-07-29,DECCANMOT,539.56,542.1,535.61,538.14,546.15,204296
2024-07-30,DECCANMOT,552.42,557.25,547.75,552.58,538.14,430661
2024-07-31,DECCANMOT,570.86,580.0,560.15,569.26,552.58,600488
2024-08-01,DECCANMOT,562.3,564.16,558.14,560.0,569.26,384803
2024-08-02,DECCANMOT,523.63,533.34,516.06,525.74,560.0,478611
2024-08-05,DECCANMOT,527.8,530.74,521.32,524.25,525.74,249364
2024-08-06,DECCANMOT,527.84,538.13,519.37,529.64,524.25,471771
2024-08-07,DECCANMOT,537.24,549.06,526.0,537.81,529.64,739410
2024-08-08,DECCANMOT,515.75,518.56,509.01,511.8,537.81,197352
2024-08-09,DECCANMOT,520.25,523.36,515.29,518.39,511.8,340463
2024-08-12,DECCANMOT,514.7,519.1,513.15,517.55,518.39,248161
2024-08-13,DECCANMOT,525.62,537.58,509.44,521.3,517.55,277839
2024-08-14,DECCANMOT,505.2,515.06,494.44,504.29,521.3,559564
2024-08-15,DECCANMOT,498.07,503.76,491.67,497.35,504.29,468019
2024-08-16,DECCANMOT,485.11,489.17,481.91,485.96,497.35,365388
2024-08-19,DECCANMOT,485.03,490.51,481.95,487.41,485.96,404026
2024-08-20,DECCANMOT,491.32,498.36,487.2,494.21,487.41,556893
2024-08-21,DECCANMOT,508.7,523.25,492.08,506.56,494.21,164270
2024-08-22,DECCANMOT,499.58,505.12,498.12,503.64,506.56,352025
2024-08-23,DECCANMOT,521.88,524.75,516.34,519.2,503.64,452481
2024-08-26,DECCANMOT,546.84,555.08,542.45,550.66,519.2,165794
2024-08-27,DECCANMOT,561.77,578.96,546.05,563.2,550.66,461763
2024-08-28,DECCANMOT,588.98,601.69,572.1,584.73,563.2,399147
2024-08-29,DECCANMOT,595.35,608.73,584.05,597.39,584.73,498391
2024-08-30,DECCANMOT,591.24,598.71,583.91,591.38,597.39,233664
2024-09-02,DECCANMOT,570.08,575.19,567.07,572.17,591.38,694743
2024-09-03,DECCANMOT,580.74,582.23,578.53,580.01,572.17,741431
2024-09-04,DECCANMOT,564.22,571.74,555.75,563.25,580.01,607364
2024-09-05,DECCANMOT,536.69,542.72,531.87,537.89,563.25,491364
2024-09-06,DECCANMOT,533.86,548.48,522.5,537.05,537.89,370074
2024-09-09,DECCANMOT,548.33,552.77,543.53,547.97,537.05,267445
2024-09-10,DECCANMOT,558.21,568.07,551.36,561.19,547.97,394461
2024-09-11,DECCANMOT,545.92,552.85,537.33,544.24,561.19,663822
2024-09-12,DECCANMOT,549.05,558.23,537.46,546.6,544.24,292157
2024-09-13,DECCANMOT,540.24,545.89,537.85,543.49,546.6,155832
2024-09-16,DECCANMOT,547.98,553.01,542.88,547.9,543.49,441382
2024-09-17,DECCANMOT,538.22,541.51,532.52,535.79,547.9,155456
2024-09-18,DECCANMOT,538.99,543.74,536.15,540.89,535.79,416021
2024-09-19,DECCANMOT,554.98,560.22,548.99,554.23,540.89,260609
2024-09-20,DECCANMOT,562.1,573.57,547.09,558.48,554.23,483434
2024-09-23,DECCANMOT,557.4,561.09,554.06,557.74,558.48,652714
2024-09-24,DECCANMOT,544.92,552.93,538.93,546.92,557.74,318918
2024-09-25,DECCANMOT,534.08,536.16,528.45,530.52,546.92,616256
2024-09-26,DECCANMOT,533.61,535.29,530.96,532.64,530.52,317273
2024-09-27,DECCANMOT,526.47,530.13,523.7,527.35,532.64,489626
2024-09-30,DECCANMOT,526.56,531.67,519.67,524.77,527.35,407009
2024-10-01,DECCANMOT,526.05,540.18,514.23,528.3,524.77,326590
2024-10-02,DECCANMOT,533.78,542.29,530.3,538.79,528.3,329637
2024-10-03,DECCANMOT,527.01,531.63,521.29,525.9,538.79,313304
2024-10-04,DECCANMOT,530.82,531.99,526.44,527.6,525.9,448779
2024-10-07,DECCANMOT,535.22,540.3,530.35,535.44,527.6,434191
2024-10-08,DECCANMOT,525.22,527.87,522.32,524.97,535.44,422222
2024-10-09,DECCANMOT,507.97,516.25,498.91,507.18,524.97,385664
2024-10-10,DECCANMOT,506.3,511.02,502.34,507.05,507.18,176545
2024-10-11,DECCANMOT,502.84,506.53,498.39,502.08,507.05,861731
2024-10-14,DECCANMOT,518.54,537.85,501.06,520.31,502.08,340662
2024-10-15,DECCANMOT,531.11,535.96,526.5,531.34,520.31,273841
2024-10-16,DECCANMOT,540.22,553.8,529.69,543.21,531.34,463199
2024-10-17,DECCANMOT,520.32,528.84,512.71,521.21,543.21,709626
2024-10-18,DECCANMOT,497.84,503.01,491.25,496.4,521.21,368232
2024-10-21,DECCANMOT,503.2,518.83,486.07,501.65,496.4,305371
2024-10-22,DECCANMOT,489.32,495.9,482.95,489.52,501.65,190166
2024-10-23,DECCANMOT,472.08,475.49,469.39,472.79,489.52,362231
2024-10-24,DECCANMOT,467.49,476.39,458.99,467.89,472.79,468274
2024-10-25,DECCANMOT,457.66,462.9,451.28,456.51,467.89,485726
2024-10-28,DECCANMOT,449.62,455.32,443.62,449.31,456.51,1091307
2024-10-29,DECCANMOT,452.83,458.84,446.86,452.87,449.31,399493
2024-10-30,DECCANMOT,451.4,454.83,450.46,453.88,452.87,222076
2024-10-31,DECCANMOT,448.0,454.74,438.99,445.69,453.88,559099
2024-11-01,DECCANMOT,435.46,437.3,432.36,434.2,445.69,1149945
2024-11-04,DECCANMOT,455.67,457.55,454.07,455.95,434.2,576432
2024-11-05,DECCANMOT,460.79,468.17,455.71,463.07,455.95,269183
2024-11-06,DECCANMOT,479.38,486.93,469.24,476.75,463.07,303956
2024-11-07,DECCANMOT,479.93,486.52,471.94,478.5,476.75,539140
2024-11-08,DECCANMOT,482.2,487.05,477.0,481.85,478.5,634040
2024-11-11,DECCANMOT,478.86,482.09,475.06,478.28,481.85,159032
2024-11-12,DECCANMOT,471.33,474.64,470.27,473.58,478.28,483941
2024-11-13,DECCANMOT,473.5,484.51,463.43,474.43,473.58,579593
2024-11-14,DECCANMOT,474.85,480.44,467.22,472.78,474.43,1172125
2024-11-15,DECCANMOT,460.58,468.37,454.85,462.62,472.78,937864
2024-11-18,DECCANMOT,472.88,475.88,470.34,473.34,462.62,552232
2024-11-19,DECCANMOT,447.34,455.0,442.16,449.8,473.34,340322
2024-11-20,DECCANMOT,444.69,450.78,439.82,445.89,449.8,317823
2024-11-21,DECCANMOT,459.07,463.6,453.1,457.62,445.89,304728
2024-11-22,DECCANMOT,448.51,459.71,440.99,452.13,457.62,322857
2024-11-25,DECCANMOT,443.33,445.76,440.35,442.78,452.13,431529
2024-11-26,DECCANMOT,454.07,456.33,448.48,450.72,442.78,558108
2024-11-27,DECCANMOT,451.58,455.48,446.38,450.27,450.72,291029
2024-11-28,DECCANMOT,435.78,441.37,430.24,435.83,450.27,291195
2024-11-29,DECCANMOT,414.14,422.01,406.86,414.72,435.83,505380
2024-12-02,DECCANMOT,407.15,413.68,402.69,409.19,414.72,148933
2024-12-03,DECCANMOT,402.92,408.28,395.8,401.13,409.19,478610
2024-12-04,DECCANMOT,410.94,415.72,405.83,410.61,401.13,827482
2024-12-05,DECCANMOT,435.0,438.64,430.29,433.92,410.61,124868
2024-12-06,DECCANMOT,429.04,434.53,421.72,427.18,433.92,293550
2024-12-09,DECCANMOT,429.58,430.58,428.4,429.41,427.18,253640
2024-12-10,DECCANMOT,445.97,454.94,435.52,444.47,429.41,232671
2024-12-11,DECCANMOT,447.0,458.59,436.14,447.71,444.47,90425
2024-12-12,DECCANMOT,442.92,445.59,440.26,442.94,447.71,628474
2024-12-13,DECCANMOT,464.84,472.13,455.12,462.38,442.94,397021
2024-12-16,DECCANMOT,457.09,465.78,449.69,458.36,462.38,1212133
2024-12-17,DECCANMOT,465.66,474.05,459.47,467.83,458.36,109958
2024-12-18,DECCANMOT,471.07,473.43,469.0,471.36,467.83,146695
2024-12-19,DECCANMOT,492.5,493.63,491.11,492.24,471.36,599341
2024-12-20,DECCANMOT,496.23,504.17,489.09,497.03,492.24,252025
2024-12-23,DECCANMOT,496.52,506.83,487.38,497.67,497.03,356982
2024-12-24,DECCANMOT,499.78,503.33,495.12,498.67,497.67,148439
2024-12-25,DECCANMOT,465.61,467.83,460.88,463.08,498.67,534263
2024-12-26,DECCANMOT,461.89,464.79,459.43,462.33,463.08,1166431
2024-12-27,DECCANMOT,473.39,481.94,465.68,474.21,462.33,374298
2024-01-01,EASTPOWER,505.54,512.66,498.37,505.49,507.63,948439
2024-01-02,EASTPOWER,487.2,489.08,485.71,487.59,505.49,235137
2024-01-03,EASTPOWER,501.83,511.27,492.74,502.18,487.59,1380433
2024-01-04,EASTPOWER,528.24,530.33,525.85,527.94,502.18,602736
2024-01-05,EASTPOWER,525.11,530.93,520.86,526.66,527.94,342330
2024-01-08,EASTPOWER,572.69,580.69,562.76,570.74,526.66,535305
2024-01-09,EASTPOWER,561.58,571.28,550.65,560.33,570.74,704284
2024-01-10,EASTPOWER,568.46,571.06,566.98,569.58,560.33,172828
2024-01-11,EASTPOWER,575.95,580.55,573.63,578.23,569.58,432625
2024-01-12,EASTPOWER,569.39,570.58,563.69,564.87,578.23,841604
2024-01-15,EASTPOWER,540.37,550.5,529.14,539.25,564.87,596379
2024-01-16,EASTPOWER,526.75,530.74,524.29,528.27,539.25,581731
2024-01-17,EASTPOWER,554.09,561.23,547.41,554.55,528.27,444170
2024-01-18,EASTPOWER,560.81,573.45,546.39,558.99,554.55,630670
2024-01-19,EASTPOWER,559.08,570.55,549.86,561.3,558.99,1684804
2024-01-22,EASTPOWER,532.39,536.79,527.63,532.03,561.3,363899
2024-01-23,EASTPOWER,530.08,539.86,522.87,532.62,532.03,582101
2024-01-24,EASTPOWER,533.79,540.59,526.73,533.52,532.62,297020
2024-01-25,EASTPOWER,522.81,526.16,520.34,523.69,533.52,437382
2024-01-26,EASTPOWER,546.27,555.26,534.78,543.73,523.69,447496
2024-01-29,EASTPOWER,526.02,532.74,516.87,523.55,543.73,427208
2024-01-30,EASTPOWER,517.53,521.99,509.83,514.27,523.55,146557
2024-01-31,EASTPOWER,543.0,547.45,536.52,540.95,514.27,777807
2024-02-01,EASTPOWER,538.64,544.5,534.91,540.75,540.95,161766
2024-02-02,EASTPOWER,548.94,552.62,546.2,549.87,540.75,1188097
2024-02-05,EASTPOWER,571.92,579.53,562.07,569.65,549.87,570449
2024-02-06,EASTPOWER,558.49,568.47,550.74,560.68,569.65,861639
2024-02-07,EASTPOWER,584.64,592.29,573.9,581.51,560.68,454205
2024-02-08,EASTPOWER,582.59,588.54,575.27,581.21,581.51,295172
2024-02-09,EASTPOWER,603.42,607.35,597.63,601.55,581.21,430561
2024-02-12,EASTPOWER,596.83,598.13,595.43,596.73,601.55,809650
2024-02-13,EASTPOWER,612.65,622.89,602.81,613.05,596.73,554876
2024-02-14,EASTPOWER,600.42,606.41,594.54,600.53,613.05,571911
2024-02-15,EASTPOWER,614.15,627.22,595.93,608.89,600.53,1332562
2024-02-16,EASTPOWER,597.07,601.45,592.47,596.85,608.89,359658
2024-02-19,EASTPOWER,601.97,608.58,595.18,601.78,596.85,421057
2024-02-20,EASTPOWER,590.32,596.02,583.35,589.04,601.78,229413
2024-02-21,EASTPOWER,605.4,610.01,598.78,603.37,589.04,1184302
2024-02-22,EASTPOWER,596.57,602.1,592.81,598.34,603.37,610707
2024-02-23,EASTPOWER,580.61,583.47,578.49,581.34,598.34,746598
2024-02-26,EASTPOWER,587.01,594.81,577.79,585.57,581.34,702466
2024-02-27,EASTPOWER,602.7,604.32,599.63,601.25,585.57,990018
2024-02-28,EASTPOWER,617.35,623.55,610.93,617.14,601.25,742629
2024-02-29,EASTPOWER,603.71,608.58,596.12,600.98,617.14,948210
2024-03-01,EASTPOWER,601.42,608.51,597.09,604.16,600.98,270177
2024-03-04,EASTPOWER,621.23,622.73,617.22,618.71,604.16,382463
2024-03-05,EASTPOWER,590.6,603.58,578.65,591.6,618.71,766176
2024-03-06,EASTPOWER,632.71,640.97,622.87,631.11,591.6,1021750
2024-03-07,EASTPOWER,637.31,642.71,633.47,638.86,631.11,1671079
2024-03-08,EASTPOWER,640.34,641.69,638.2,639.55,638.86,706996
2024-03-11,EASTPOWER,659.91,666.73,653.97,660.78,639.55,1529619
2024-03-12,EASTPOWER,668.64,674.34,662.2,667.89,660.78,377313
2024-03-13,EASTPOWER,664.06,668.53,660.38,664.84,667.89,566551
2024-03-14,EASTPOWER,650.93,655.97,639.77,644.76,664.84,615582
2024-03-15,EASTPOWER,647.64,656.73,643.65,652.71,644.76,762714
2024-03-18,EASTPOWER,635.65,642.61,631.98,638.92,652.71,419153
2024-03-19,EASTPOWER,658.6,664.58,650.16,656.12,638.92,581667
2024-03-20,EASTPOWER,659.32,671.66,646.32,658.64,656.12,309454
2024-03-21,EASTPOWER,647.34,650.11,645.04,647.81,658.64,301272
2024-03-22,EASTPOWER,676.99,688.32,671.16,682.45,647.81,507853
2024-03-25,EASTPOWER,702.0,711.81,691.23,701.03,682.45,98186
2024-03-26,EASTPOWER,690.23,694.28,688.45,692.49,701.03,624416
2024-03-27,EASTPOWER,700.73,710.59,689.7,699.55,692.49,322908
2024-03-28,EASTPOWER,724.21,725.79,717.7,719.26,699.55,226188
2024-03-29,EASTPOWER,700.25,716.24,684.83,700.81,719.26,272680
2024-04-01,EASTPOWER,692.21,702.19,684.47,694.43,700.81,991076
2024-04-02,EASTPOWER,708.49,712.89,706.63,711.02,694.43,484949
2024-04-03,EASTPOWER,679.94,694.59,666.76,681.39,711.02,1114665
2024-04-04,EASTPOWER,649.36,651.05,641.42,643.09,681.39,230755
2024-04-05,EASTPOWER,640.82,651.28,632.78,643.21,643.09,259672
2024-04-08,EASTPOWER,622.58,630.64,614.27,622.33,643.21,686198
2024-04-09,EASTPOWER,620.92,623.94,613.35,616.35,622.33,417844
2024-04-10,EASTPOWER,609.77,625.11,596.67,611.96,616.35,497812
2024-04-11,EASTPOWER,612.04,630.09,593.54,611.57,611.96,263824
2024-04-12,EASTPOWER,617.12,621.72,613.2,617.8,611.57,564192
2024-04-15,EASTPOWER,652.01,665.17,639.29,652.44,617.8,1116048
2024-04-16,EASTPOWER,618.37,627.31,611.49,620.41,652.44,392915
2024-04-17,EASTPOWER,636.34,644.41,630.38,638.43,620.41,161344
2024-04-18,EASTPOWER,619.31,623.27,616.98,620.93,638.43,893733
2024-04-19,EASTPOWER,615.25,623.79,607.05,615.59,620.93,229623
2024-04-22,EASTPOWER,585.93,598.2,575.56,587.79,615.59,832720
2024-04-23,EASTPOWER,574.28,577.75,566.58,570.02,587.79,329856
2024-04-24,EASTPOWER,561.01,564.93,556.75,560.66,570.02,426020
2024-04-25,EASTPOWER,554.58,559.05,551.2,555.66,560.66,1081973
2024-04-26,EASTPOWER,559.72,560.93,556.98,558.2,555.66,1121483
2024-04-29,EASTPOWER,542.63,549.13,538.59,545.06,558.2,326550
2024-04-30,EASTPOWER,526.38,543.3,514.13,530.94,545.06,347967
2024-05-01,EASTPOWER,566.53,571.73,558.34,563.5,530.94,350755
2024-05-02,EASTPOWER,556.55,567.31,544.98,555.71,563.5,194683
2024-05-03,EASTPOWER,579.67,587.57,571.28,579.17,555.71,353949
2024-05-06,EASTPOWER,554.49,558.34,546.06,549.88,579.17,525901
2024-05-07,EASTPOWER,562.18,565.18,560.22,563.21,549.88,844068
2024-05-08,EASTPOWER,554.96,564.98,541.03,550.98,563.21,528930
2024-05-09,EASTPOWER,563.48,567.07,562.3,565.89,550.98,828947
2024-05-10,EASTPOWER,563.49,570.68,559.64,566.8,565.89,756481
2024-05-13,EASTPOWER,583.61,586.78,577.97,581.13,566.8,374335
2024-05-14,EASTPOWER,595.2,603.76,586.74,595.3,581.13,348562
2024-05-15,EASTPOWER,579.14,584.85,575.85,581.55,595.3,616690
2024-05-16,EASTPOWER,613.41,619.54,608.69,614.81,581.55,1123362
2024-05-17,EASTPOWER,614.48,629.34,593.35,608.05,614.81,1152963
2024-05-20,EASTPOWER,593.36,603.81,584.87,595.29,608.05,603509
2024-05-21,EASTPOWER,562.37,574.39,546.0,557.92,595.29,976111
2024-05-22,EASTPOWER,561.39,569.54,557.81,565.93,557.92,459126
2024-05-23,EASTPOWER,567.0,573.13,562.51,568.63,565.93,513623
2024-05-24,EASTPOWER,579.35,581.91,576.95,579.51,568.63,992592
2024-05-27,EASTPOWER,598.84,601.71,591.67,594.52,579.51,1473661
2024-05-28,EASTPOWER,611.43,618.78,606.53,613.86,594.52,490107
2024-05-29,EASTPOWER,632.92,640.68,623.05,630.79,613.86,572510
2024-05-30,EASTPOWER,620.68,629.48,610.25,619.03,630.79,828630
2024-05-31,EASTPOWER,609.27,613.91,607.04,611.67,619.03,371009
2024-06-03,EASTPOWER,597.15,608.61,583.55,594.97,611.67,342703
2024-06-04,EASTPOWER,616.5,622.72,608.95,615.15,594.97,695392
2024-06-05,EASTPOWER,609.72,618.51,605.9,614.66,615.15,1153525
2024-06-06,EASTPOWER,592.65,603.07,585.04,595.43,614.66,910211
2024-06-07,EASTPOWER,607.1,609.92,600.32,603.12,595.43,1352252
2024-06-10,EASTPOWER,583.0,592.18,575.35,584.5,603.12,363600
2024-06-11,EASTPOWER,574.38,584.21,565.51,575.32,584.5,467662
2024-06-12,EASTPOWER,558.08,565.16,552.09,559.17,575.32,835059
2024-06-13,EASTPOWER,580.0,583.38,576.29,579.67,559.17,588082
2024-06-14,EASTPOWER,604.45,614.23,593.45,603.21,579.67,399790
2024-06-17,EASTPOWER,589.71,601.18,579.53,590.97,603.21,397479
2024-06-18,EASTPOWER,597.21,598.98,595.08,596.85,590.97,263500
2024-06-19,EASTPOWER,571.85,578.21,570.54,576.89,596.85,557036
2024-06-20,EASTPOWER,570.43,574.46,567.53,571.56,576.89,493214
2024-06-21,EASTPOWER,551.64,555.63,544.94,548.91,571.56,635288
2024-06-24,EASTPOWER,565.2,571.93,558.16,564.89,548.91,853115
2024-06-25,EASTPOWER,572.11,575.07,570.12,573.09,564.89,572967
2024-06-26,EASTPOWER,555.87,569.2,543.44,556.76,573.09,1201991
2024-06-27,EASTPOWER,561.38,565.32,553.7,557.62,556.76,753889
2024-06-28,EASTPOWER,559.27,563.96,553.88,558.56,557.62,119345
2024-07-01,EASTPOWER,563.6,565.2,561.08,562.67,558.56,446500
2024-07-02,EASTPOWER,556.01,573.13,542.13,559.17,562.67,694043
2024-07-03,EASTPOWER,548.67,553.24,542.14,546.69,559.17,227523
2024-07-04,EASTPOWER,547.61,552.73,541.85,546.97,546.69,1002989
2024-07-05,EASTPOWER,529.95,535.28,522.09,527.4,546.97,504192
2024-07-08,EASTPOWER,513.03,523.58,507.18,517.67,527.4,806203
2024-07-09,EASTPOWER,512.48,518.18,506.32,512.01,517.67,453586
2024-07-10,EASTPOWER,523.79,528.52,518.94,523.67,512.01,475673
2024-07-11,EASTPOWER,516.15,519.38,513.78,517.01,523.67,752758
2024-07-12,EASTPOWER,544.51,550.83,538.21,544.52,517.01,251696
2024-07-15,EASTPOWER,536.57,547.14,523.73,534.26,544.52,673577
2024-07-16,EASTPOWER,506.92,514.43,497.53,505.01,534.26,333409
2024-07-17,EASTPOWER,505.83,513.58,497.35,505.09,505.01,978107
2024-07-18,EASTPOWER,483.56,490.79,471.84,479.0,505.09,561107
2024-07-19,EASTPOWER,480.06,483.18,476.11,479.23,479.0,266397
2024-07-22,EASTPOWER,498.51,504.82,487.56,493.81,479.23,747869
2024-07-23,EASTPOWER,494.58,499.34,490.48,495.23,493.81,204159
2024-07-24,EASTPOWER,491.16,497.71,485.96,492.49,495.23,401423
2024-07-25,EASTPOWER,484.22,485.42,482.8,484.0,492.49,739429
2024-07-26,EASTPOWER,479.31,489.85,468.08,478.6,484.0,390141
2024-07-29,EASTPOWER,473.24,482.18,463.86,472.78,478.6,644720
2024-07-30,EASTPOWER,487.1,492.07,483.38,488.33,472.78,1264070
2024-07-31,EASTPOWER,490.01,493.0,486.09,489.08,488.33,690819
2024-08-01,EASTPOWER,481.52,489.13,476.64,484.22,489.08,611515
2024-08-02,EASTPOWER,495.97,508.82,483.17,496.02,484.22,728465
2024-08-05,EASTPOWER,515.76,518.35,513.8,516.39,496.02,518085
2024-08-06,EASTPOWER,506.57,511.54,502.94,507.9,516.39,410571
2024-08-07,EASTPOWER,522.54,530.35,512.01,519.79,507.9,1613223
2024-08-08,EASTPOWER,518.33,524.36,511.3,517.32,519.79,667221
2024-08-09,EASTPOWER,522.5,527.98,517.64,523.12,517.32,316869
2024-08-12,EASTPOWER,535.41,542.48,531.33,538.38,523.12,435979
2024-08-13,EASTPOWER,540.0,557.43,522.59,540.02,538.38,822204
2024-08-14,EASTPOWER,549.8,554.77,543.77,548.73,540.02,994929
2024-08-15,EASTPOWER,559.37,565.15,555.19,560.96,548.73,981774
2024-08-16,EASTPOWER,572.72,583.41,560.27,570.92,560.96,263079
2024-08-19,EASTPOWER,558.98,573.84,546.71,561.52,570.92,1019690
2024-08-20,EASTPOWER,570.58,582.39,563.75,575.5,561.52,782352
2024-08-21,EASTPOWER,581.16,589.67,569.2,577.66,575.5,2067675
2024-08-22,EASTPOWER,613.12,621.33,602.27,610.45,577.66,795420
2024-08-23,EASTPOWER,615.4,622.42,608.31,615.33,610.45,341920
2024-08-26,EASTPOWER,617.63,621.25,608.49,612.08,615.33,597405
2024-08-27,EASTPOWER,601.02,613.76,593.25,605.94,612.08,575451
2024-08-28,EASTPOWER,618.53,620.77,615.58,617.82,605.94,329692
2024-08-29,EASTPOWER,604.76,617.55,591.47,604.25,617.82,604976
2024-08-30,EASTPOWER,585.27,592.8,577.33,584.86,604.25,535247
2024-09-02,EASTPOWER,566.07,575.78,555.28,564.97,584.86,514757
2024-09-03,EASTPOWER,541.37,547.91,533.36,539.88,564.97,400071
2024-09-04,EASTPOWER,552.83,558.4,545.41,550.96,539.88,1186715
2024-09-05,EASTPOWER,555.43,561.16,548.77,554.49,550.96,646141
2024-09-06,EASTPOWER,569.84,576.2,566.44,572.78,554.49,174828
2024-09-09,EASTPOWER,576.05,577.7,573.99,575.64,572.78,607051
2024-09-10,EASTPOWER,609.46,612.7,606.16,609.4,575.64,1464159
2024-09-11,EASTPOWER,592.27,599.4,586.49,593.6,609.4,346138
2024-09-12,EASTPOWER,631.03,641.46,618.9,629.3,593.6,459427
2024-09-13,EASTPOWER,607.38,613.47,598.85,604.91,629.3,713526
2024-09-16,EASTPOWER,628.22,637.08,617.79,626.63,604.91,405001
2024-09-17,EASTPOWER,616.41,621.83,613.59,618.99,626.63,372604
2024-09-18,EASTPOWER,590.5,596.64,586.91,593.04,618.99,518331
2024-09-19,EASTPOWER,608.93,614.84,605.71,611.61,593.04,822928
2024-09-20,EASTPOWER,626.69,638.14,616.65,628.08,611.61,473382
2024-09-23,EASTPOWER,618.97,626.58,610.01,617.61,628.08,663545
2024-09-24,EASTPOWER,642.41,644.75,638.29,640.62,617.61,514626
2024-09-25,EASTPOWER,636.73,643.36,626.94,633.54,640.62,298290
2024-09-26,EASTPOWER,659.4,669.64,644.0,654.16,633.54,994613
2024-09-27,EASTPOWER,663.11,670.61,659.42,666.91,654.16,262962
2024-09-30,EASTPOWER,672.01,684.91,659.68,672.56,666.91,413398
2024-10-01,EASTPOWER,691.31,693.83,689.37,691.88,672.56,334313
2024-10-02,EASTPOWER,675.49,697.37,656.57,678.37,691.88,440642
2024-10-03,EASTPOWER,682.31,690.48,673.79,681.96,678.37,1087499
2024-10-04,EASTPOWER,694.55,699.61,689.5,694.56,681.96,624301
2024-10-07,EASTPOWER,668.74,680.07,657.19,668.52,694.56,510615
2024-10-08,EASTPOWER,687.06,694.07,676.59,683.57,668.52,261805
2024-10-09,EASTPOWER,683.72,689.75,674.83,680.84,683.57,201039
2024-10-10,EASTPOWER,675.77,679.21,669.31,672.74,680.84,454030
2024-10-11,EASTPOWER,645.73,647.84,641.13,643.22,672.74,966986
2024-10-14,EASTPOWER,680.62,683.85,678.32,681.55,643.22,643108
2024-10-15,EASTPOWER,657.42,665.51,652.58,660.64,681.55,561700
2024-10-16,EASTPOWER,675.76,681.73,671.41,677.37,660.64,822092
2024-10-17,EASTPOWER,643.48,647.13,638.97,642.62,677.37,335952
2024-10-18,EASTPOWER,611.73,626.34,600.38,614.93,642.62,644306
2024-10-21,EASTPOWER,622.38,627.35,613.4,618.33,614.93,330165
2024-10-22,EASTPOWER,570.81,576.27,567.02,572.47,618.33,1092365
2024-10-23,EASTPOWER,556.19,569.07,543.59,556.46,572.47,412269
2024-10-24,EASTPOWER,603.75,609.9,599.56,605.7,556.46,573136
2024-10-25,EASTPOWER,614.32,621.62,608.69,615.97,605.7,658778
2024-10-28,EASTPOWER,611.59,619.06,608.57,616.02,615.97,986291
2024-10-29,EASTPOWER,616.19,630.39,603.59,617.76,616.02,646350
2024-10-30,EASTPOWER,603.86,614.51,590.03,600.63,617.76,529669
2024-10-31,EASTPOWER,597.54,606.52,590.45,599.41,600.63,739429
2024-11-01,EASTPOWER,608.76,615.99,598.72,605.92,599.41,236265
2024-11-04,EASTPOWER,611.0,617.17,601.59,607.73,605.92,166811
2024-11-05,EASTPOWER,596.36,601.14,594.33,599.1,607.73,534812
2024-11-06,EASTPOWER,570.45,589.0,554.16,572.65,599.1,201232
2024-11-07,EASTPOWER,564.47,570.7,556.91,563.12,572.65,353503
2024-11-08,EASTPOWER,562.7,567.68,555.48,560.43,563.12,758294
2024-11-11,EASTPOWER,570.92,572.92,565.97,567.97,560.43,382661
2024-11-12,EASTPOWER,578.73,585.52,575.61,582.38,567.97,474683
2024-11-13,EASTPOWER,554.87,563.92,545.57,554.62,582.38,854319
2024-11-14,EASTPOWER,572.92,579.23,566.95,573.26,554.62,517582
2024-11-15,EASTPOWER,556.78,561.88,551.37,556.46,573.26,257557
2024-11-18,EASTPOWER,563.42,568.62,558.82,564.01,556.46,583448
2024-11-19,EASTPOWER,579.87,594.24,569.55,583.86,564.01,288995
2024-11-20,EASTPOWER,595.36,608.1,580.2,592.89,583.86,442193
2024-11-21,EASTPOWER,559.78,562.88,558.36,561.46,592.89,641909
2024-11-22,EASTPOWER,574.46,584.95,563.1,573.57,561.46,306981
2024-11-25,EASTPOWER,584.4,593.62,576.87,586.06,573.57,485710
2024-11-26,EASTPOWER,593.8,598.7,588.45,593.34,586.06,374911
2024-11-27,EASTPOWER,577.52,591.94,568.41,582.75,593.34,252056
2024-11-28,EASTPOWER,599.58,609.13,589.1,598.64,582.75,767457
2024-11-29,EASTPOWER,585.77,591.39,584.5,590.1,598.64,1265112
2024-12-02,EASTPOWER,593.71,597.32,590.46,594.06,590.1,286132
2024-12-03,EASTPOWER,605.61,606.85,603.59,604.84,594.06,562149
2024-12-04,EASTPOWER,613.88,631.87,592.65,610.54,604.84,420416
2024-12-05,EASTPOWER,590.97,598.74,581.82,589.57,610.54,160276
2024-12-06,EASTPOWER,584.1,587.63,578.94,582.45,589.57,1866581
2024-12-09,EASTPOWER,581.51,589.32,571.2,578.98,582.45,914789
2024-12-10,EASTPOWER,575.92,583.37,570.92,578.34,578.98,1238581
2024-12-11,EASTPOWER,547.52,560.37,537.96,550.75,578.34,214687
2024-12-12,EASTPOWER,542.34,547.82,537.9,543.38,550.75,292935
2024-12-13,EASTPOWER,531.24,542.02,523.48,534.21,543.38,466027
2024-12-16,EASTPOWER,530.02,536.65,521.56,528.17,534.21,218715
2024-12-17,EASTPOWER,517.73,526.32,511.27,519.83,528.17,966416
2024-12-18,EASTPOWER,504.63,510.75,497.01,503.11,519.83,321685
2024-12-19,EASTPOWER,506.62,510.41,501.13,504.92,503.11,422516
2024-12-20,EASTPOWER,508.05,509.94,502.52,504.4,504.92,446689
2024-12-23,EASTPOWER,489.48,497.61,482.78,490.89,504.4,444869
2024-12-24,EASTPOWER,472.72,477.4,470.51,475.17,490.89,772849
2024-12-25,EASTPOWER,491.16,492.46,489.85,491.16,475.17,579338
2024-12-26,EASTPOWER,475.84,484.95,470.46,479.53,491.16,1008806
2024-12-27,EASTPOWER,455.93,469.43,442.69,456.19,479.53,1548607
